,cluster
2017-01-04 05:30:00,1
2017-01-08 05:15:00,1
2017-01-19 08:55:00,1
2017-01-19 09:00:00,0
2017-01-19 09:05:00,0
2017-01-19 09:10:00,0
2017-01-19 09:25:00,2
2017-01-19 09:30:00,2
2017-01-19 09:35:00,2
2017-01-19 09:40:00,2
2017-01-19 09:45:00,2
2017-01-20 04:40:00,1
2017-01-20 04:45:00,2
2017-01-22 23:45:00,0
2017-01-23 00:00:00,2
2017-01-23 00:10:00,0
2017-01-23 01:45:00,0
2017-01-23 06:45:00,1
2017-01-23 07:15:00,1
2017-01-23 07:20:00,1
2017-01-23 13:05:00,1
2017-01-23 14:55:00,1
2017-01-23 15:00:00,1
2017-01-23 16:25:00,2
2017-01-25 17:35:00,1
2017-01-25 17:40:00,0
2017-01-26 09:25:00,0
2017-01-26 09:30:00,0
2017-01-26 09:35:00,0
2017-01-26 10:05:00,0
2017-01-26 11:10:00,2
2017-01-26 13:00:00,1
2017-01-26 13:05:00,0
2017-01-26 13:10:00,1
2017-01-26 13:20:00,1
2017-01-28 16:45:00,2
2017-01-28 16:50:00,1
2017-01-28 17:00:00,0
2017-01-31 05:30:00,2
2017-02-01 12:55:00,2
2017-02-01 13:15:00,2
2017-02-01 15:20:00,1
2017-02-01 15:25:00,2
2017-02-01 15:35:00,1
2017-02-01 15:40:00,2
2017-02-16 13:00:00,2
2017-02-22 12:35:00,1
2017-02-25 15:15:00,2
2017-02-25 21:10:00,3
2017-02-25 21:15:00,1
2017-02-25 21:20:00,2
2017-02-27 01:50:00,1
2017-03-02 02:05:00,0
2017-03-02 02:10:00,0
2017-03-02 02:15:00,0
2017-03-02 02:20:00,0
2017-03-02 03:40:00,0
2017-03-02 03:45:00,0
2017-03-02 07:40:00,1
2017-03-02 19:15:00,3
2017-03-07 20:40:00,2
2017-03-07 21:00:00,2
2017-03-07 21:05:00,1
2017-03-07 21:10:00,1
2017-03-07 21:15:00,1
2017-03-07 21:20:00,1
2017-03-07 22:40:00,1
2017-03-07 22:45:00,0
2017-03-08 02:00:00,2
2017-03-08 02:05:00,0
2017-03-08 02:10:00,0
2017-03-12 03:35:00,2
2017-03-12 03:40:00,0
2017-03-12 03:45:00,0
2017-03-12 04:10:00,1
2017-03-12 04:15:00,1
2017-03-16 22:40:00,1
2017-03-16 22:45:00,2
2017-03-21 03:05:00,1
2017-03-25 03:20:00,1
2017-03-25 03:25:00,1
2017-03-25 03:30:00,1
2017-03-25 03:35:00,1
2017-03-25 03:40:00,1
2017-03-25 03:45:00,2
2017-03-25 03:50:00,2
2017-03-25 07:25:00,2
2017-03-25 09:55:00,1
2017-03-25 10:00:00,1
2017-03-25 10:05:00,1
2017-03-25 10:10:00,2
2017-03-25 10:35:00,2
2017-03-26 01:20:00,1
2017-03-26 01:40:00,2
2017-03-26 21:25:00,2
2017-03-27 12:05:00,2
2017-03-29 21:40:00,1
2017-03-29 22:05:00,0
2017-03-29 22:15:00,2
2017-03-29 22:25:00,2
2017-03-30 23:50:00,2
2017-04-03 15:05:00,2
2017-04-03 15:10:00,0
2017-04-03 15:15:00,0
2017-04-03 15:35:00,0
2017-04-05 01:30:00,1
2017-04-07 00:50:00,1
2017-04-07 00:55:00,1
2017-04-07 01:00:00,2
2017-04-07 21:00:00,1
2017-04-07 21:05:00,2
2017-04-18 00:30:00,2
2017-04-18 00:35:00,2
2017-04-18 00:40:00,1
2017-04-18 10:35:00,2
2017-04-18 10:40:00,1
2017-04-19 20:30:00,1
2017-04-19 20:35:00,1
2017-04-19 20:40:00,1
2017-04-19 21:15:00,2
2017-04-19 21:20:00,1
2017-04-19 21:25:00,1
2017-04-19 21:30:00,1
2017-04-21 04:30:00,2
2017-04-22 19:15:00,1
2017-04-29 00:55:00,0
2017-04-29 14:00:00,1
2017-05-06 03:40:00,2
2017-05-09 12:15:00,1
2017-05-09 12:50:00,2
2017-05-09 12:55:00,2
2017-05-11 18:50:00,2
2017-05-19 00:05:00,2
2017-05-19 00:50:00,2
2017-05-19 00:55:00,1
2017-05-30 21:20:00,1
2017-05-30 21:25:00,2
2017-05-30 21:30:00,2
2017-05-31 18:50:00,1
2017-05-31 18:55:00,1
2017-05-31 19:00:00,1
2017-05-31 19:05:00,0
2017-05-31 19:40:00,2
2017-05-31 20:30:00,1
2017-05-31 21:15:00,1
2017-05-31 22:20:00,1
2017-05-31 22:25:00,1
2017-06-01 00:00:00,1
2017-06-01 08:15:00,1
2017-06-01 08:55:00,1
2017-06-01 09:05:00,0
2017-06-01 09:10:00,2
2017-06-03 16:05:00,2
2017-06-03 16:40:00,1
2017-06-03 16:45:00,1
2017-06-03 17:30:00,1
2017-06-03 17:35:00,2
2017-06-04 16:00:00,1
2017-06-04 16:05:00,1
2017-06-04 16:20:00,1
2017-06-05 13:50:00,3
2017-06-05 13:55:00,3
2017-06-05 14:00:00,3
2017-06-05 14:05:00,3
2017-06-05 14:10:00,3
2017-06-06 14:20:00,1
2017-06-06 14:30:00,1
2017-06-06 14:35:00,1
2017-06-08 16:30:00,1
2017-06-09 02:20:00,1
2017-06-09 02:25:00,1
2017-06-09 02:30:00,1
2017-06-09 02:35:00,1
2017-06-09 02:40:00,2
2017-06-09 02:45:00,2
2017-06-09 02:50:00,2
2017-06-09 02:55:00,2
2017-06-09 03:05:00,2
2017-06-09 03:10:00,2
2017-06-09 03:15:00,2
2017-06-09 03:25:00,2
2017-06-09 03:30:00,2
2017-06-12 13:35:00,1
2017-06-12 13:40:00,0
2017-06-12 13:45:00,1
2017-06-12 14:45:00,2
2017-06-12 15:40:00,1
2017-06-12 15:55:00,1
2017-06-12 16:00:00,1
2017-06-14 01:30:00,1
2017-06-14 05:45:00,1
2017-06-14 05:50:00,2
2017-06-14 06:25:00,2
2017-06-14 06:55:00,2
2017-06-14 07:00:00,2
2017-06-14 11:55:00,0
2017-06-14 12:05:00,2
2017-06-16 19:25:00,2
2017-06-16 19:30:00,1
2017-06-16 19:40:00,0
2017-06-16 19:45:00,0
2017-06-16 19:50:00,0
2017-06-16 19:55:00,0
2017-06-16 20:00:00,0
2017-06-16 20:05:00,0
2017-06-16 20:10:00,0
2017-06-16 20:15:00,0
2017-06-16 20:20:00,0
2017-06-16 20:25:00,0
2017-06-16 20:30:00,0
2017-06-16 20:35:00,0
2017-06-16 20:40:00,0
2017-06-16 20:45:00,0
2017-06-16 21:45:00,0
2017-06-16 22:15:00,0
2017-06-16 22:20:00,0
2017-06-16 22:25:00,0
2017-06-16 22:35:00,1
2017-06-16 22:40:00,0
2017-06-22 06:05:00,2
2017-06-22 06:10:00,1
2017-06-22 06:15:00,1
2017-06-22 06:20:00,1
2017-06-22 06:25:00,1
2017-06-22 06:30:00,1
2017-06-22 06:40:00,0
2017-06-22 06:45:00,0
2017-06-22 06:50:00,1
2017-06-22 06:55:00,2
2017-06-24 20:25:00,1
2017-06-24 20:30:00,2
2017-06-24 20:40:00,0
2017-06-24 20:50:00,2
2017-06-25 09:05:00,0
2017-06-25 09:10:00,0
2017-06-25 09:15:00,0
2017-06-26 10:15:00,1
2017-06-26 10:20:00,2
2017-06-26 10:25:00,2
2017-06-26 10:30:00,0
2017-06-26 11:10:00,2
2017-06-28 13:05:00,2
2017-06-28 13:10:00,2
2017-06-28 13:25:00,2
2017-06-30 16:20:00,2
2017-07-11 21:25:00,3
2017-07-11 23:15:00,3
2017-07-12 00:10:00,3
2017-07-20 13:30:00,1
2017-07-20 13:35:00,1
2017-07-20 13:40:00,1
2017-07-20 13:45:00,1
2017-07-20 13:50:00,1
2017-07-20 13:55:00,2
2017-07-20 14:00:00,2
2017-07-20 14:05:00,2
2017-07-20 14:10:00,2
2017-07-20 14:15:00,2
2017-07-20 14:20:00,2
2017-07-20 14:30:00,2
2017-07-20 14:35:00,2
2017-07-28 01:15:00,1
2017-07-28 01:20:00,1
2017-07-28 01:30:00,0
2017-07-29 04:25:00,2
2017-07-29 04:30:00,1
2017-07-31 15:30:00,1
2017-07-31 15:35:00,1
2017-07-31 15:40:00,1
2017-07-31 16:00:00,1
2017-07-31 16:05:00,0
2017-07-31 16:15:00,2
2017-08-05 03:20:00,1
2017-08-05 03:25:00,1
2017-08-05 03:50:00,0
2017-08-05 04:35:00,1
2017-08-05 05:15:00,1
2017-08-05 05:20:00,0
2017-08-09 14:50:00,2
2017-08-13 11:15:00,2
2017-08-13 11:20:00,2
2017-08-20 00:15:00,2
2017-08-20 21:55:00,2
2017-08-22 20:05:00,1
2017-08-22 20:10:00,1
2017-08-28 13:55:00,1
2017-08-28 14:00:00,2
2017-09-09 04:55:00,0
2017-09-09 05:00:00,2
2017-09-09 13:05:00,0
2017-09-09 13:10:00,0
2017-09-09 13:15:00,0
2017-09-09 13:40:00,0
2017-09-09 13:45:00,0
2017-09-09 13:50:00,0
2017-09-09 13:55:00,0
2017-09-09 14:00:00,0
2017-09-09 14:05:00,0
2017-09-09 14:10:00,0
2017-09-11 07:15:00,3
2017-09-11 07:20:00,3
2017-09-11 07:25:00,3
2017-09-12 21:20:00,2
2017-09-13 23:10:00,1
2017-09-13 23:15:00,1
2017-09-13 23:20:00,1
2017-09-13 23:25:00,2
2017-09-13 23:30:00,0
2017-09-14 03:05:00,0
2017-09-14 03:10:00,0
2017-09-17 16:35:00,2
2017-09-17 16:40:00,2
2017-09-17 16:45:00,1
2017-09-17 16:50:00,1
2017-09-17 16:55:00,1
2017-09-17 17:00:00,1
2017-09-17 17:05:00,1
2017-09-17 17:10:00,1
2017-09-17 17:15:00,1
2017-09-17 19:20:00,1
2017-09-17 19:25:00,2
2017-09-19 00:35:00,2
2017-09-19 00:45:00,0
2017-09-19 00:50:00,0
2017-09-19 00:55:00,0
2017-09-19 01:00:00,0
2017-09-19 01:05:00,0
2017-09-19 01:10:00,0
2017-09-19 01:15:00,0
2017-09-19 01:20:00,0
2017-09-19 01:25:00,0
2017-09-19 01:30:00,0
2017-09-19 01:35:00,0
2017-09-19 01:40:00,0
2017-09-19 01:45:00,0
2017-09-19 01:50:00,0
2017-09-19 01:55:00,0
2017-09-19 02:00:00,0
2017-09-19 02:05:00,0
2017-10-11 21:45:00,0
2017-10-11 21:50:00,0
2017-10-11 21:55:00,0
2017-10-11 22:00:00,0
2017-10-11 22:05:00,0
2017-10-11 22:10:00,0
2017-10-11 22:15:00,0
2017-10-11 22:20:00,0
2017-10-11 22:25:00,0
2017-10-11 22:30:00,0
2017-10-11 22:35:00,0
2017-10-11 22:40:00,0
2017-10-11 22:45:00,0
2017-10-11 22:50:00,0
2017-10-19 07:35:00,1
2017-10-19 07:40:00,0
2017-10-19 07:55:00,0
2017-10-19 08:20:00,2
2017-10-19 08:25:00,1
2017-10-19 08:30:00,1
2017-10-19 08:35:00,1
2017-10-19 08:45:00,2
2017-10-19 08:50:00,1
2017-10-19 09:00:00,2
2017-10-19 09:05:00,1
2017-10-19 09:10:00,2
2017-10-20 02:50:00,1
2017-10-20 02:55:00,1
2017-10-20 04:40:00,1
2017-10-20 11:40:00,1
2017-10-20 14:15:00,1
2017-10-20 14:20:00,2
2017-10-21 19:00:00,3
2017-10-23 13:10:00,2
2017-10-23 17:55:00,1
2017-10-23 18:00:00,2
2017-10-23 18:15:00,2
2017-10-23 18:20:00,2
2017-10-23 20:15:00,1
2017-10-23 20:20:00,2
2017-10-23 20:25:00,2
2017-10-25 09:45:00,2
2017-10-25 09:55:00,2
2017-10-25 10:00:00,2
2017-10-27 09:55:00,2
2017-10-27 18:20:00,1
2017-10-27 18:25:00,0
2017-10-27 18:35:00,2
2017-10-27 18:40:00,2
2017-10-27 19:15:00,2
2017-10-27 19:30:00,2
2017-10-28 09:00:00,3
2017-10-31 03:05:00,3
2017-10-31 23:45:00,0
2017-10-31 23:50:00,0
2017-11-01 00:20:00,2
2017-11-01 20:10:00,0
2017-11-04 09:15:00,2
2017-11-04 09:20:00,1
2017-11-04 09:25:00,0
2017-11-04 09:30:00,0
2017-11-04 09:50:00,0
2017-11-04 09:55:00,0
2017-11-06 12:05:00,2
2017-11-14 08:40:00,3
2017-11-16 16:20:00,3
2017-11-16 19:15:00,3
2017-11-16 19:20:00,3
2017-11-16 19:25:00,3
2017-11-16 19:30:00,3
2017-11-16 19:35:00,3
2017-11-17 10:20:00,3
2017-11-17 10:25:00,3
2017-11-17 10:30:00,3
2017-11-19 11:25:00,3
2017-11-19 18:20:00,3
2017-11-22 06:25:00,2
2017-11-22 06:30:00,1
2017-11-22 06:35:00,1
2017-11-25 12:20:00,2
2017-11-27 19:05:00,3
2017-11-27 20:25:00,2
2017-11-27 20:30:00,1
2017-12-08 21:25:00,1
2017-12-08 21:35:00,2
2017-12-08 21:45:00,2
2017-12-08 23:20:00,1
2017-12-09 02:15:00,2
2017-12-09 02:35:00,2
2017-12-09 02:40:00,2
2017-12-09 02:45:00,2
2017-12-09 02:50:00,2
2017-12-09 02:55:00,2
2017-12-09 03:00:00,2
2017-12-09 03:05:00,2
2017-12-09 03:10:00,2
2017-12-09 03:15:00,2
2017-12-09 03:20:00,2
2017-12-09 03:25:00,2
2017-12-09 03:30:00,2
2017-12-09 03:35:00,2
2017-12-09 03:40:00,2
2017-12-09 03:45:00,2
2017-12-09 03:50:00,2
2017-12-09 03:55:00,2
2017-12-09 04:00:00,2
2017-12-09 04:45:00,2
2017-12-09 04:50:00,2
2017-12-09 04:55:00,2
2017-12-09 05:15:00,2
2017-12-09 05:25:00,2
2017-12-09 05:30:00,2
2017-12-09 05:35:00,2
2017-12-09 05:40:00,2
2017-12-09 05:45:00,2
2017-12-09 05:50:00,2
2017-12-09 05:55:00,2
2017-12-09 06:00:00,2
2017-12-09 06:05:00,2
2017-12-09 06:10:00,2
2017-12-09 06:15:00,2
2017-12-09 06:20:00,2
2017-12-09 06:25:00,2
2017-12-09 06:30:00,2
2017-12-09 06:35:00,2
2017-12-09 06:40:00,2
2017-12-09 06:45:00,2
2017-12-09 06:50:00,2
2017-12-09 06:55:00,2
2017-12-09 07:00:00,2
2017-12-09 07:05:00,2
2017-12-09 07:10:00,2
2017-12-09 07:15:00,2
2017-12-09 07:20:00,2
2017-12-09 07:25:00,2
2017-12-09 07:30:00,2
2017-12-09 07:35:00,2
2017-12-09 07:40:00,2
2017-12-09 07:45:00,2
2017-12-09 07:50:00,2
2017-12-09 07:55:00,2
2017-12-09 08:00:00,2
2017-12-09 08:05:00,2
2017-12-09 08:10:00,2
2017-12-09 08:15:00,2
2017-12-09 08:20:00,2
2017-12-09 08:25:00,2
2017-12-09 08:30:00,2
2017-12-09 08:35:00,2
2017-12-09 08:40:00,2
2017-12-09 08:45:00,2
2017-12-09 08:50:00,2
2017-12-09 10:30:00,2
2017-12-09 10:35:00,2
2017-12-09 10:40:00,2
2017-12-09 10:45:00,2
2017-12-09 10:50:00,2
2017-12-12 11:00:00,1
2017-12-12 11:05:00,1
2017-12-12 11:10:00,1
2017-12-12 11:15:00,2
2017-12-12 11:20:00,2
2017-12-12 11:30:00,2
2017-12-12 11:35:00,2
2017-12-12 11:40:00,1
2017-12-12 11:45:00,2
2017-12-12 11:50:00,2
2017-12-12 12:00:00,2
2017-12-12 22:00:00,2
2017-12-12 23:35:00,1
2017-12-12 23:40:00,0
2017-12-12 23:45:00,2
2017-12-12 23:50:00,0
2017-12-13 00:00:00,0
2017-12-13 00:05:00,0
2017-12-13 00:10:00,0
2017-12-13 00:15:00,0
2017-12-13 00:20:00,0
2017-12-13 00:30:00,2
2017-12-13 00:45:00,2
2017-12-13 00:50:00,2
2017-12-13 15:35:00,1
2017-12-13 16:00:00,1
2017-12-13 16:05:00,2
2017-12-13 16:10:00,2
2017-12-13 16:15:00,1
2017-12-14 12:05:00,1
2017-12-14 12:10:00,2
2017-12-25 02:00:00,3
2017-12-25 06:20:00,0
2017-12-25 06:30:00,1
2017-12-25 07:25:00,2
2017-12-25 07:30:00,1
2017-12-25 07:35:00,2
2017-12-25 07:50:00,2
2017-12-25 08:35:00,0
2017-12-25 08:40:00,0
2017-12-25 08:45:00,0
2017-12-25 14:00:00,3
2017-12-25 14:05:00,3
2017-12-26 15:50:00,3
2017-12-27 16:00:00,3
2017-12-27 18:10:00,0
2017-12-27 18:15:00,0
2017-12-27 20:20:00,1
2017-12-27 20:25:00,1
2017-12-27 20:30:00,1
2017-12-28 11:40:00,0
2017-12-28 14:40:00,1
2017-12-28 14:50:00,2
2017-12-30 13:00:00,3
2017-12-30 16:20:00,3
2018-01-01 01:00:00,1
2018-01-01 01:05:00,1
2018-01-01 12:45:00,3
2018-01-01 15:30:00,2
2018-01-01 15:35:00,1
2018-01-01 15:40:00,2
2018-01-01 15:45:00,2
2018-01-01 15:50:00,1
2018-01-01 15:55:00,2
2018-01-02 22:45:00,3
2018-01-04 02:50:00,2
2018-01-08 05:15:00,2
2018-01-08 10:15:00,2
2018-01-09 08:25:00,3
2018-01-16 11:00:00,1
2018-01-16 11:05:00,1
2018-01-16 11:15:00,1
2018-01-16 11:20:00,1
2018-01-16 11:25:00,2
2018-01-16 11:30:00,2
2018-01-16 11:35:00,2
2018-01-16 15:15:00,1
2018-01-16 19:00:00,1
2018-01-16 19:05:00,1
2018-01-16 19:10:00,1
2018-01-16 19:15:00,1
2018-01-16 19:20:00,2
2018-01-16 19:25:00,2
2018-01-16 19:30:00,1
2018-01-16 19:35:00,2
2018-01-16 19:40:00,2
2018-01-16 19:45:00,2
2018-01-18 03:00:00,2
2018-01-18 03:05:00,2
2018-01-18 03:10:00,2
2018-01-19 12:15:00,3
2018-01-19 18:45:00,3
2018-01-29 02:15:00,3
2018-01-30 21:55:00,1
2018-01-30 22:00:00,2
2018-01-30 22:05:00,2
2018-01-31 03:25:00,2
2018-02-01 08:05:00,3
2018-02-01 08:15:00,3
2018-02-01 08:40:00,3
2018-02-01 17:05:00,1
2018-02-01 17:10:00,1
2018-02-01 17:20:00,0
2018-02-01 17:25:00,0
2018-02-01 17:30:00,0
2018-02-01 17:35:00,0
2018-02-01 17:40:00,0
2018-02-01 17:45:00,1
2018-02-01 17:50:00,0
2018-02-01 17:55:00,1
2018-02-02 08:55:00,1
2018-02-02 09:05:00,1
2018-02-02 09:20:00,1
2018-02-02 09:25:00,1
2018-02-02 09:30:00,1
2018-02-02 09:35:00,2
2018-02-02 09:40:00,2
2018-02-02 10:05:00,2
2018-02-02 10:40:00,2
2018-02-02 11:10:00,2
2018-02-02 20:05:00,3
2018-02-06 08:15:00,0
2018-02-11 12:15:00,1
2018-02-11 16:15:00,0
2018-02-11 16:30:00,0
2018-02-11 16:35:00,0
2018-02-11 17:05:00,0
2018-02-11 17:10:00,0
2018-02-11 17:15:00,0
2018-02-11 17:20:00,0
2018-02-13 21:45:00,2
2018-02-13 21:55:00,2
2018-02-13 22:20:00,2
2018-02-14 10:50:00,3
2018-02-17 10:55:00,0
2018-02-17 11:00:00,1
2018-02-17 11:05:00,0
2018-02-17 11:10:00,0
2018-02-17 11:15:00,0
2018-02-17 11:20:00,0
2018-02-17 11:25:00,0
2018-02-17 11:30:00,0
2018-02-17 11:35:00,0
2018-02-17 11:40:00,0
2018-02-17 11:45:00,0
2018-02-17 11:50:00,0
2018-02-17 11:55:00,0
2018-02-17 12:00:00,0
2018-02-17 12:05:00,0
2018-02-17 12:10:00,0
2018-02-17 12:15:00,0
2018-02-17 12:20:00,1
2018-02-17 12:25:00,0
2018-02-17 12:40:00,2
2018-02-17 12:45:00,2
2018-02-17 12:50:00,2
2018-02-17 12:55:00,1
2018-02-17 13:05:00,2
2018-02-17 22:20:00,1
2018-02-17 22:35:00,0
2018-02-17 22:40:00,0
2018-02-18 12:25:00,3
2018-02-19 20:30:00,2
2018-02-20 00:05:00,0
2018-02-20 00:10:00,0
2018-02-20 00:15:00,0
2018-02-20 00:20:00,0
2018-02-20 00:25:00,0
2018-02-20 00:30:00,0
2018-02-20 00:35:00,0
2018-02-20 00:40:00,0
2018-02-20 00:55:00,1
2018-02-20 01:00:00,0
2018-02-20 01:05:00,0
2018-02-20 01:10:00,2
2018-02-20 01:15:00,1
2018-02-20 01:20:00,2
2018-02-20 01:25:00,2
2018-02-20 01:55:00,2
2018-02-20 02:00:00,1
2018-02-20 02:05:00,1
2018-02-20 02:10:00,0
2018-02-20 02:15:00,0
2018-02-21 05:40:00,3
2018-02-22 12:25:00,3
2018-02-22 12:30:00,3
2018-02-22 12:35:00,3
2018-02-22 12:40:00,2
2018-02-22 18:25:00,1
2018-02-22 18:40:00,2
2018-02-23 00:20:00,3
2018-02-23 00:25:00,3
2018-02-23 00:35:00,3
2018-02-23 13:50:00,3
2018-02-23 14:10:00,3
2018-02-23 15:10:00,3
2018-02-23 23:10:00,3
2018-02-24 09:10:00,0
2018-02-24 09:15:00,1
2018-02-24 09:20:00,1
2018-02-24 09:25:00,2
2018-02-24 09:40:00,2
2018-02-24 09:55:00,2
2018-02-24 10:00:00,2
2018-02-26 10:15:00,0
2018-02-26 19:00:00,1
2018-02-26 19:05:00,0
2018-02-26 19:10:00,0
2018-02-26 19:15:00,0
2018-02-26 19:20:00,1
2018-02-26 19:25:00,0
2018-02-26 19:30:00,0
2018-02-26 19:35:00,0
2018-02-26 20:10:00,1
2018-02-26 20:15:00,2
2018-02-26 20:20:00,1
2018-02-26 20:40:00,2
2018-02-26 20:45:00,2
2018-02-28 19:00:00,2
2018-02-28 19:25:00,2
2018-02-28 20:25:00,3
2018-02-28 22:35:00,3
2018-03-01 06:30:00,3
2018-03-01 06:35:00,3
2018-03-01 13:15:00,3
2018-03-01 13:20:00,3
2018-03-02 17:10:00,3
2018-03-02 17:20:00,3
2018-03-07 19:25:00,1
2018-03-07 19:30:00,1
2018-03-07 20:10:00,0
2018-03-07 20:15:00,2
2018-03-07 20:20:00,2
2018-03-07 20:35:00,2
2018-03-07 23:05:00,1
2018-03-08 01:15:00,1
2018-03-08 01:25:00,2
2018-03-08 01:30:00,2
2018-03-08 01:35:00,2
2018-03-08 02:00:00,2
2018-03-08 02:05:00,2
2018-03-08 16:40:00,3
2018-03-08 16:55:00,3
2018-03-08 23:20:00,2
2018-03-10 15:30:00,2
2018-03-11 10:40:00,3
2018-03-11 12:40:00,3
2018-03-11 12:45:00,3
2018-03-11 12:50:00,3
2018-03-11 12:55:00,2
2018-03-11 13:00:00,3
2018-03-11 13:05:00,3
2018-03-11 13:10:00,3
2018-03-11 13:15:00,2
2018-03-11 13:20:00,2
2018-03-11 13:25:00,2
2018-03-11 13:30:00,2
2018-03-11 13:40:00,2
2018-03-11 13:50:00,2
2018-03-12 05:15:00,3
2018-03-12 05:40:00,3
2018-03-12 06:35:00,3
2018-03-12 10:55:00,3
2018-03-12 11:10:00,3
2018-03-12 11:15:00,3
2018-03-12 13:05:00,3
2018-03-12 14:35:00,3
2018-03-12 14:40:00,3
2018-03-12 14:45:00,2
2018-03-12 15:55:00,3
2018-03-12 17:05:00,3
2018-03-12 17:30:00,3
2018-03-12 17:35:00,3
2018-03-12 22:25:00,3
2018-03-12 22:45:00,3
2018-03-13 02:30:00,1
2018-03-13 02:45:00,0
2018-03-13 02:50:00,0
2018-03-13 02:55:00,0
2018-03-13 03:00:00,0
2018-03-13 03:05:00,0
2018-03-13 03:10:00,0
2018-03-13 03:20:00,2
2018-03-13 03:25:00,0
2018-03-13 03:30:00,0
2018-03-13 03:45:00,0
2018-03-13 04:10:00,2
2018-03-13 07:25:00,3
2018-03-13 16:35:00,3
2018-03-13 17:00:00,3
2018-03-13 17:45:00,3
2018-03-13 21:30:00,3
2018-03-13 21:35:00,3
2018-03-13 21:40:00,3
2018-03-13 22:55:00,3
2018-03-13 23:15:00,2
2018-03-13 23:35:00,2
2018-03-13 23:45:00,2
2018-03-14 00:15:00,2
2018-03-14 00:25:00,2
2018-03-14 00:35:00,2
2018-03-14 00:55:00,3
2018-03-14 01:20:00,3
2018-03-14 11:25:00,3
2018-03-14 11:40:00,3
2018-03-14 12:00:00,3
2018-03-14 12:55:00,3
2018-03-14 15:10:00,3
2018-03-15 10:05:00,3
2018-03-15 16:45:00,3
2018-03-15 17:55:00,3
2018-03-15 19:15:00,3
2018-03-15 23:00:00,3
2018-03-16 00:30:00,3
2018-03-16 01:45:00,3
2018-03-16 02:05:00,3
2018-03-16 03:30:00,3
2018-03-16 05:25:00,3
2018-03-16 05:40:00,3
2018-03-16 05:55:00,3
2018-03-16 06:00:00,3
2018-03-16 06:05:00,2
2018-03-16 06:10:00,3
2018-03-16 07:45:00,3
2018-03-16 08:45:00,3
2018-03-16 09:40:00,3
2018-03-16 11:50:00,2
2018-03-16 14:30:00,3
2018-03-16 15:10:00,3
2018-03-16 15:55:00,3
2018-03-16 17:30:00,3
2018-03-16 18:05:00,3
2018-03-16 18:20:00,3
2018-03-16 19:50:00,3
2018-03-16 20:20:00,3
2018-03-16 21:05:00,3
2018-03-16 21:25:00,3
2018-03-17 07:15:00,3
2018-03-17 07:45:00,3
2018-03-17 08:50:00,2
2018-03-17 09:45:00,3
2018-03-17 11:20:00,3
2018-03-17 11:45:00,3
2018-03-17 12:05:00,3
2018-03-17 12:10:00,3
2018-03-17 12:30:00,2
2018-03-17 12:40:00,3
2018-03-17 13:25:00,3
2018-03-17 14:20:00,3
2018-03-17 15:30:00,2
2018-03-17 15:50:00,3
2018-03-17 16:00:00,3
2018-03-17 16:30:00,3
2018-03-17 16:50:00,3
2018-03-17 23:15:00,3
2018-03-17 23:25:00,3
2018-03-18 00:00:00,3
2018-03-18 00:45:00,3
2018-03-18 01:00:00,3
2018-03-18 03:05:00,3
2018-03-18 03:20:00,3
2018-03-18 03:30:00,3
2018-03-18 04:10:00,3
2018-03-18 07:20:00,3
2018-03-18 12:15:00,3
2018-03-18 18:25:00,3
2018-03-18 23:50:00,2
2018-03-18 23:55:00,3
2018-03-19 00:05:00,3
2018-03-19 00:25:00,3
2018-03-19 00:35:00,3
2018-03-19 02:20:00,3
2018-03-19 02:45:00,3
2018-03-19 04:30:00,2
2018-03-19 04:45:00,2
2018-03-19 04:55:00,2
2018-03-19 05:25:00,3
2018-03-19 05:35:00,3
2018-03-19 06:55:00,3
2018-03-19 07:10:00,3
2018-03-19 07:50:00,3
2018-03-19 10:35:00,3
2018-03-19 10:50:00,3
2018-03-19 10:55:00,3
2018-03-19 11:00:00,3
2018-03-19 11:10:00,2
2018-03-19 11:15:00,3
2018-03-19 11:20:00,2
2018-03-19 11:25:00,3
2018-03-19 11:30:00,2
2018-03-19 11:45:00,3
2018-03-19 11:50:00,2
2018-03-19 11:55:00,2
2018-03-19 12:05:00,2
2018-03-19 12:10:00,2
2018-03-19 12:20:00,3
2018-03-19 12:25:00,3
2018-03-19 12:30:00,3
2018-03-19 12:35:00,3
2018-03-19 12:40:00,3
2018-03-19 12:45:00,3
2018-03-19 13:00:00,3
2018-03-19 13:05:00,3
2018-03-19 13:10:00,3
2018-03-19 13:20:00,3
2018-03-19 13:25:00,3
2018-03-19 13:35:00,3
2018-03-19 14:40:00,3
2018-03-20 00:15:00,0
2018-03-20 00:20:00,0
2018-03-20 00:25:00,0
2018-03-20 00:30:00,0
2018-03-20 00:35:00,0
2018-03-20 00:40:00,0
2018-03-20 00:45:00,0
2018-03-20 00:50:00,0
2018-03-20 00:55:00,0
2018-03-20 01:00:00,0
2018-03-20 01:05:00,2
2018-03-20 01:10:00,0
2018-03-20 19:45:00,2
2018-03-26 09:45:00,0
2018-03-26 09:50:00,0
2018-03-30 11:40:00,3
2018-03-30 12:25:00,3
2018-03-30 12:45:00,3
2018-03-30 18:20:00,3
2018-04-04 03:30:00,1
2018-04-04 03:35:00,1
2018-04-04 03:40:00,1
2018-04-04 03:45:00,0
2018-04-04 03:50:00,0
2018-04-04 04:00:00,0
2018-04-04 04:05:00,0
2018-04-04 05:35:00,2
2018-04-08 12:00:00,2
2018-04-08 12:05:00,1
2018-04-08 12:10:00,1
2018-04-08 12:15:00,2
2018-04-08 12:20:00,2
2018-04-10 20:20:00,3
2018-04-13 03:15:00,2
2018-04-13 03:35:00,2
2018-04-13 04:25:00,2
2018-04-13 04:30:00,2
2018-04-13 04:35:00,2
2018-04-13 04:45:00,2
2018-04-13 04:55:00,2
2018-04-13 05:40:00,2
2018-04-13 09:00:00,2
2018-04-14 09:20:00,2
2018-04-14 12:00:00,1
2018-04-14 12:05:00,1
2018-04-14 12:10:00,0
2018-04-14 12:15:00,0
2018-04-14 12:20:00,0
2018-04-14 12:25:00,0
2018-04-14 12:30:00,0
2018-04-14 12:35:00,2
2018-04-14 12:40:00,2
2018-04-16 04:00:00,3
2018-04-16 04:05:00,3
2018-04-16 14:25:00,3
2018-04-16 14:30:00,3
2018-04-16 17:15:00,3
2018-04-17 03:05:00,3
2018-04-17 03:10:00,3
2018-04-17 03:15:00,3
2018-04-17 03:20:00,3
2018-04-17 03:25:00,3
2018-04-17 03:30:00,3
2018-04-17 03:40:00,3
2018-04-17 04:00:00,3
2018-04-17 20:30:00,2
2018-04-17 20:45:00,2
2018-04-17 21:05:00,2
2018-04-17 21:10:00,2
2018-04-17 21:30:00,2
2018-04-17 21:35:00,2
2018-04-18 00:00:00,3
2018-04-19 16:25:00,2
2018-04-21 01:15:00,3
2018-04-21 07:50:00,3
2018-04-21 07:55:00,3
2018-04-21 08:00:00,3
2018-04-21 08:05:00,3
2018-04-21 08:15:00,3
2018-04-21 09:25:00,3
2018-04-21 15:30:00,3
2018-04-22 00:00:00,3
2018-04-22 06:45:00,3
2018-04-22 08:20:00,3
2018-04-22 20:45:00,3
2018-04-24 01:45:00,3
2018-04-24 04:15:00,3
2018-04-24 04:20:00,3
2018-04-24 04:40:00,3
2018-04-24 04:45:00,3
2018-04-24 13:05:00,2
2018-04-24 13:20:00,2
2018-04-24 19:20:00,3
2018-04-24 19:25:00,3
2018-04-24 19:30:00,3
2018-04-24 19:35:00,3
2018-04-24 19:40:00,3
2018-04-24 19:45:00,3
2018-04-24 19:50:00,3
2018-04-25 17:15:00,3
2018-04-25 17:45:00,3
2018-04-25 17:50:00,3
2018-04-25 18:10:00,3
2018-04-27 01:20:00,3
2018-04-27 01:25:00,3
2018-04-27 02:10:00,3
2018-04-27 03:50:00,3
2018-04-27 03:55:00,3
2018-04-27 04:05:00,3
2018-04-27 04:10:00,3
2018-04-27 04:15:00,3
2018-04-27 04:25:00,3
2018-04-27 05:40:00,3
2018-04-27 05:45:00,3
2018-04-27 05:50:00,3
2018-04-27 07:30:00,3
2018-04-27 11:40:00,3
2018-04-27 11:45:00,3
2018-04-27 11:55:00,3
2018-04-27 14:25:00,3
2018-04-27 14:30:00,3
2018-04-27 14:50:00,3
2018-04-27 14:55:00,3
2018-04-27 15:30:00,3
2018-04-27 16:25:00,3
2018-04-27 17:25:00,3
2018-04-27 18:25:00,3
2018-04-27 23:15:00,3
2018-04-28 01:00:00,2
2018-04-28 01:25:00,2
2018-04-28 01:30:00,3
2018-04-28 07:35:00,3
2018-04-28 08:50:00,3
2018-04-28 11:45:00,2
2018-04-28 12:05:00,0
2018-04-28 12:10:00,0
2018-04-28 12:15:00,0
2018-04-28 12:20:00,0
2018-04-28 12:25:00,0
2018-04-28 12:30:00,0
2018-04-28 12:35:00,0
2018-04-28 12:50:00,2
2018-04-28 12:55:00,1
2018-04-28 13:00:00,1
2018-04-28 13:05:00,1
2018-04-28 13:10:00,1
2018-04-28 13:15:00,0
2018-04-28 13:20:00,0
2018-04-28 13:25:00,0
2018-04-28 13:30:00,0
2018-04-28 13:35:00,0
2018-04-28 13:40:00,0
2018-04-28 13:45:00,0
2018-04-28 13:50:00,0
2018-04-28 13:55:00,0
2018-04-28 14:00:00,0
2018-04-28 14:05:00,0
2018-04-28 14:10:00,2
2018-04-28 14:15:00,1
2018-04-28 14:20:00,1
2018-04-28 14:25:00,0
2018-04-28 14:30:00,0
2018-04-28 14:35:00,0
2018-04-28 14:50:00,2
2018-04-28 14:55:00,2
2018-04-28 16:50:00,2
2018-04-28 16:55:00,2
2018-04-28 17:15:00,2
2018-04-28 19:10:00,2
2018-04-28 19:15:00,2
2018-04-29 01:45:00,3
2018-04-29 01:50:00,1
2018-05-01 14:45:00,1
2018-05-01 14:50:00,1
2018-05-01 14:55:00,1
2018-05-01 15:00:00,1
2018-05-01 15:05:00,1
2018-05-01 15:10:00,1
2018-05-01 15:45:00,2
2018-05-01 16:20:00,2
2018-05-01 16:25:00,2
2018-05-01 16:30:00,2
2018-05-02 17:45:00,2
2018-05-02 19:00:00,1
2018-05-02 19:05:00,1
2018-05-02 19:10:00,2
2018-05-02 20:25:00,3
2018-05-02 20:35:00,2
2018-05-04 14:20:00,1
2018-05-04 14:25:00,1
2018-05-04 14:40:00,1
2018-05-05 10:45:00,3
2018-05-05 11:30:00,3
2018-05-05 11:35:00,3
2018-05-06 16:45:00,2
2018-05-06 16:55:00,2
2018-05-06 17:05:00,2
2018-05-06 17:10:00,2
2018-05-06 17:15:00,2
2018-05-06 17:20:00,2
2018-05-06 17:30:00,2
2018-05-07 05:45:00,2
2018-05-07 05:50:00,1
2018-05-07 06:15:00,2
2018-05-07 06:20:00,2
2018-05-07 06:25:00,2
2018-05-07 06:35:00,2
2018-05-07 19:35:00,1
2018-05-07 19:40:00,2
2018-05-07 19:45:00,2
2018-05-07 19:50:00,2
2018-05-07 19:55:00,2
2018-05-07 20:00:00,2
2018-05-07 20:05:00,2
2018-05-07 20:20:00,2
2018-05-07 20:25:00,2
2018-05-07 20:30:00,2
2018-05-07 20:40:00,1
2018-05-07 20:45:00,1
2018-05-07 20:50:00,2
2018-05-07 20:55:00,2
2018-05-07 21:00:00,1
2018-05-07 21:05:00,2
2018-05-07 21:15:00,2
2018-05-08 03:40:00,1
2018-05-08 03:45:00,1
2018-05-08 03:50:00,0
2018-05-08 03:55:00,0
2018-05-08 04:00:00,0
2018-05-08 04:05:00,0
2018-05-08 04:10:00,0
2018-05-08 04:15:00,0
2018-05-08 04:20:00,0
2018-05-08 04:25:00,1
2018-05-08 04:30:00,1
2018-05-08 04:35:00,1
2018-05-08 04:40:00,0
2018-05-08 04:45:00,0
2018-05-08 04:50:00,0
2018-05-08 05:05:00,2
2018-05-08 10:55:00,2
2018-05-08 11:15:00,2
2018-05-08 11:20:00,2
2018-05-08 11:30:00,2
2018-05-08 11:35:00,2
2018-05-08 11:40:00,2
2018-05-08 11:45:00,2
2018-05-08 11:50:00,2
2018-05-08 12:00:00,2
2018-05-08 12:05:00,2
2018-05-08 12:10:00,2
2018-05-08 12:15:00,2
2018-05-08 12:20:00,2
2018-05-08 12:25:00,2
2018-05-08 18:55:00,1
2018-05-08 19:35:00,1
2018-05-08 19:40:00,2
2018-05-09 13:55:00,1
2018-05-09 14:00:00,2
2018-05-09 14:05:00,0
2018-05-09 14:10:00,0
2018-05-09 14:15:00,1
2018-05-09 14:55:00,2
2018-05-09 15:00:00,2
2018-05-10 11:10:00,1
2018-05-10 11:50:00,1
2018-05-10 11:55:00,2
2018-05-10 12:00:00,2
2018-05-10 12:15:00,2
2018-05-11 15:05:00,2
2018-05-11 16:00:00,3
2018-05-11 16:40:00,2
2018-05-11 16:45:00,3
2018-05-12 10:25:00,2
2018-05-12 10:30:00,2
2018-05-12 14:50:00,2
2018-05-16 10:55:00,2
2018-05-16 17:05:00,1
2018-05-16 17:10:00,1
2018-05-16 17:15:00,1
2018-05-16 17:20:00,1
2018-05-16 17:25:00,1
2018-05-16 17:30:00,1
2018-05-16 17:35:00,1
2018-05-16 17:40:00,2
2018-05-16 17:45:00,2
2018-05-16 17:55:00,2
2018-05-16 18:00:00,2
2018-05-16 18:05:00,1
2018-05-16 18:10:00,1
2018-05-16 18:15:00,2
2018-05-16 18:20:00,2
2018-05-16 18:25:00,2
2018-05-16 19:55:00,3
2018-05-16 20:40:00,2
2018-05-16 20:45:00,1
2018-05-16 21:40:00,1
2018-05-16 21:45:00,1
2018-05-16 21:50:00,1
2018-05-16 21:55:00,1
2018-05-16 22:00:00,1
2018-05-16 22:05:00,2
2018-05-16 22:10:00,2
2018-05-16 22:15:00,2
2018-05-16 22:20:00,2
2018-05-16 22:25:00,2
2018-05-16 22:30:00,2
2018-05-16 22:35:00,2
2018-05-16 22:50:00,2
2018-05-17 02:55:00,2
2018-05-17 03:10:00,2
2018-05-17 03:45:00,2
2018-05-17 04:35:00,2
2018-05-17 05:20:00,2
2018-05-17 05:35:00,2
2018-05-17 06:05:00,2
2018-05-17 06:20:00,2
2018-05-17 06:45:00,2
2018-05-17 06:55:00,2
2018-05-17 07:00:00,2
2018-05-17 07:05:00,2
2018-05-17 07:25:00,2
2018-05-17 08:30:00,3
2018-05-17 08:40:00,3
2018-05-17 08:50:00,3
2018-05-17 10:15:00,3
2018-05-17 10:30:00,3
2018-05-17 10:35:00,2
2018-05-17 10:45:00,3
2018-05-17 10:55:00,3
2018-05-17 11:00:00,3
2018-05-17 11:15:00,3
2018-05-17 11:20:00,3
2018-05-17 11:25:00,3
2018-05-17 11:30:00,3
2018-05-17 11:40:00,3
2018-05-17 11:50:00,3
2018-05-17 12:10:00,3
2018-05-17 12:25:00,3
2018-05-17 12:40:00,3
2018-05-17 12:55:00,3
2018-05-17 13:55:00,3
2018-05-17 14:00:00,3
2018-05-17 15:10:00,3
2018-05-17 15:30:00,3
2018-05-17 15:40:00,2
2018-05-17 16:00:00,3
2018-05-17 16:10:00,3
2018-05-17 16:15:00,3
2018-05-17 16:40:00,3
2018-05-17 17:15:00,3
2018-05-17 17:20:00,3
2018-05-17 17:30:00,3
2018-05-17 18:40:00,2
2018-05-17 18:50:00,3
2018-05-17 19:00:00,2
2018-05-17 19:30:00,2
2018-05-17 19:35:00,2
2018-05-17 19:40:00,2
2018-05-17 20:10:00,2
2018-05-17 20:25:00,2
2018-05-17 22:55:00,3
2018-05-17 23:00:00,3
2018-05-18 06:20:00,3
2018-05-18 06:55:00,3
2018-05-18 07:00:00,3
2018-05-18 07:10:00,3
2018-05-18 07:15:00,3
2018-05-18 07:20:00,2
2018-05-18 07:30:00,3
2018-05-18 07:35:00,3
2018-05-18 07:50:00,3
2018-05-18 08:05:00,3
2018-05-18 13:30:00,3
2018-05-18 13:35:00,3
2018-05-18 13:40:00,3
2018-05-18 14:00:00,3
2018-05-18 14:05:00,3
2018-05-18 14:15:00,3
2018-05-18 18:20:00,3
2018-05-19 13:40:00,0
2018-05-19 13:45:00,1
2018-05-19 13:50:00,1
2018-05-19 13:55:00,2
2018-05-19 14:00:00,2
2018-05-19 14:05:00,2
2018-05-20 07:35:00,2
2018-05-20 07:40:00,2
2018-05-20 07:45:00,2
2018-05-20 07:50:00,2
2018-05-20 07:55:00,2
2018-05-20 08:00:00,2
2018-05-20 08:15:00,2
2018-05-20 08:25:00,2
2018-05-20 08:35:00,2
2018-05-20 08:50:00,2
2018-05-20 09:00:00,2
2018-05-20 09:10:00,2
2018-05-20 12:30:00,3
2018-05-20 13:35:00,2
2018-05-20 13:40:00,2
2018-05-20 13:45:00,2
2018-05-20 13:50:00,2
2018-05-20 13:55:00,2
2018-05-20 14:00:00,2
2018-05-20 14:05:00,2
2018-05-20 14:10:00,2
2018-05-20 14:15:00,2
2018-05-20 14:55:00,2
2018-05-20 15:50:00,2
2018-05-20 17:05:00,3
2018-05-20 18:00:00,3
2018-05-20 18:15:00,3
2018-05-21 02:30:00,3
2018-05-21 02:35:00,3
2018-05-21 04:00:00,2
2018-05-21 04:20:00,2
2018-05-21 13:30:00,2
2018-05-21 14:45:00,2
2018-05-21 15:30:00,2
2018-05-21 15:45:00,2
2018-05-21 16:00:00,2
2018-05-21 16:25:00,2
2018-05-22 00:20:00,0
2018-05-22 00:25:00,0
2018-05-22 00:30:00,0
2018-05-22 00:35:00,0
2018-05-22 00:40:00,0
2018-05-22 00:50:00,0
2018-05-22 00:55:00,1
2018-05-22 01:00:00,1
2018-05-22 01:05:00,2
2018-05-22 01:20:00,2
2018-05-23 21:25:00,1
2018-05-23 21:45:00,1
2018-05-23 22:35:00,1
2018-05-23 22:40:00,2
2018-05-23 22:45:00,1
2018-05-23 22:50:00,2
2018-05-23 22:55:00,2
2018-05-23 23:10:00,2
2018-05-23 23:20:00,2
2018-05-23 23:30:00,2
2018-05-23 23:35:00,2
2018-05-23 23:40:00,2
2018-05-24 03:00:00,2
2018-05-24 04:25:00,1
2018-05-24 16:50:00,3
2018-05-25 05:55:00,2
2018-05-25 06:00:00,1
2018-05-25 06:05:00,1
2018-05-25 06:10:00,2
2018-05-25 06:15:00,2
2018-05-25 10:40:00,2
2018-05-25 10:45:00,1
2018-05-25 14:30:00,3
2018-05-25 22:05:00,3
2018-05-26 07:25:00,3
2018-05-26 08:45:00,3
2018-05-26 20:30:00,3
2018-05-26 20:55:00,3
2018-05-26 21:15:00,3
2018-05-26 21:20:00,3
2018-05-26 22:25:00,3
2018-05-26 23:00:00,3
2018-05-28 04:00:00,3
2018-05-28 07:40:00,3
2018-05-29 00:20:00,2
2018-05-29 00:35:00,2
2018-05-29 00:40:00,2
2018-05-29 00:45:00,2
2018-05-29 00:50:00,2
2018-05-29 10:45:00,3
2018-05-29 16:50:00,3
2018-05-30 03:45:00,3
2018-05-30 08:05:00,3
2018-05-30 10:10:00,3
2018-05-30 10:30:00,3
2018-05-30 11:00:00,3
2018-05-30 11:20:00,3
2018-05-30 11:50:00,3
2018-05-30 12:00:00,3
2018-05-30 13:05:00,3
2018-05-30 13:15:00,3
2018-05-30 13:25:00,3
2018-05-30 13:40:00,3
2018-05-30 14:20:00,3
2018-05-30 14:35:00,3
2018-05-30 14:40:00,3
2018-05-30 14:45:00,3
2018-05-30 14:50:00,3
2018-05-31 02:30:00,3
2018-05-31 03:05:00,3
2018-05-31 03:15:00,3
2018-05-31 03:30:00,3
2018-05-31 03:55:00,3
2018-05-31 04:00:00,3
2018-05-31 04:05:00,3
2018-05-31 04:45:00,3
2018-05-31 05:00:00,3
2018-05-31 05:30:00,3
2018-05-31 06:00:00,3
2018-05-31 06:15:00,3
2018-05-31 07:35:00,3
2018-05-31 07:55:00,3
2018-05-31 08:05:00,3
2018-05-31 08:15:00,3
2018-05-31 08:20:00,3
2018-05-31 08:35:00,3
2018-05-31 08:45:00,3
2018-05-31 08:50:00,3
2018-05-31 09:40:00,3
2018-05-31 10:00:00,3
2018-05-31 13:40:00,3
2018-05-31 13:45:00,3
2018-05-31 13:55:00,2
2018-05-31 14:00:00,3
2018-05-31 14:05:00,3
2018-05-31 15:10:00,3
2018-05-31 15:25:00,3
2018-05-31 18:15:00,3
2018-05-31 19:10:00,2
2018-06-01 02:15:00,1
2018-06-01 02:20:00,1
2018-06-01 02:25:00,1
2018-06-01 02:30:00,1
2018-06-01 02:35:00,1
2018-06-01 02:40:00,1
2018-06-01 06:45:00,2
2018-06-01 06:50:00,3
2018-06-01 06:55:00,3
2018-06-02 06:40:00,3
2018-06-02 06:45:00,3
2018-06-02 06:50:00,3
2018-06-02 06:55:00,3
2018-06-02 07:05:00,3
2018-06-02 09:50:00,3
2018-06-02 10:00:00,3
2018-06-02 10:05:00,3
2018-06-02 10:10:00,3
2018-06-02 11:35:00,3
2018-06-02 16:25:00,3
2018-06-04 15:55:00,3
2018-06-04 16:40:00,3
2018-06-04 19:35:00,3
2018-06-04 19:40:00,3
2018-06-04 21:45:00,3
2018-06-05 01:20:00,3
2018-06-05 02:20:00,3
2018-06-05 04:15:00,3
2018-06-05 10:30:00,2
2018-06-05 11:35:00,0
2018-06-05 11:40:00,0
2018-06-05 11:45:00,0
2018-06-07 05:15:00,1
2018-06-07 05:25:00,1
2018-06-07 05:30:00,1
2018-06-07 05:35:00,1
2018-06-07 05:40:00,1
2018-06-07 05:45:00,2
2018-06-07 05:50:00,0
2018-06-07 06:10:00,0
2018-06-07 06:20:00,0
2018-06-07 06:35:00,2
2018-06-07 06:40:00,2
2018-06-07 07:15:00,2
2018-06-07 07:20:00,2
2018-06-07 07:25:00,2
2018-06-07 08:05:00,1
2018-06-07 08:10:00,2
2018-06-07 08:15:00,0
2018-06-07 08:20:00,1
2018-06-07 08:25:00,2
2018-06-07 15:35:00,3
2018-06-08 16:15:00,3
2018-06-09 20:35:00,3
2018-06-09 20:55:00,3
2018-06-09 22:50:00,3
2018-06-09 22:55:00,3
2018-06-09 23:00:00,2
2018-06-09 23:10:00,3
2018-06-10 03:40:00,1
2018-06-10 04:05:00,1
2018-06-10 04:10:00,1
2018-06-10 09:35:00,3
2018-06-10 14:15:00,3
2018-06-10 14:35:00,3
2018-06-10 14:40:00,3
2018-06-10 15:05:00,3
2018-06-10 15:10:00,3
2018-06-10 15:55:00,3
2018-06-10 19:15:00,3
2018-06-10 21:05:00,3
2018-06-10 21:10:00,3
2018-06-11 03:35:00,3
2018-06-11 04:00:00,3
2018-06-11 04:05:00,3
2018-06-11 05:35:00,3
2018-06-11 12:50:00,3
2018-06-11 13:10:00,3
2018-06-11 14:15:00,3
2018-06-11 14:35:00,3
2018-06-11 17:10:00,3
2018-06-11 17:25:00,3
2018-06-11 18:45:00,3
2018-06-11 19:00:00,3
2018-06-11 20:05:00,3
2018-06-11 23:35:00,3
2018-06-12 01:20:00,3
2018-06-12 01:25:00,3
2018-06-12 03:45:00,3
2018-06-12 04:00:00,3
2018-06-12 04:05:00,3
2018-06-12 04:10:00,3
2018-06-12 04:20:00,3
2018-06-12 04:25:00,3
2018-06-12 04:40:00,3
2018-06-12 05:10:00,3
2018-06-12 05:15:00,3
2018-06-12 05:20:00,3
2018-06-12 05:25:00,3
2018-06-12 09:40:00,1
2018-06-14 14:25:00,3
2018-06-14 15:25:00,1
2018-06-14 17:25:00,3
2018-06-14 19:55:00,3
2018-06-14 21:25:00,2
2018-06-14 21:35:00,3
2018-06-15 09:40:00,3
2018-06-15 13:25:00,3
2018-06-15 13:30:00,3
2018-06-15 13:35:00,3
2018-06-15 13:45:00,3
2018-06-15 13:55:00,3
2018-06-15 14:05:00,3
2018-06-15 14:10:00,3
2018-06-15 14:25:00,3
2018-06-16 07:55:00,3
2018-06-16 08:55:00,3
2018-06-16 09:00:00,3
2018-06-16 09:05:00,3
2018-06-16 09:20:00,3
2018-06-16 09:25:00,3
2018-06-18 05:00:00,1
2018-06-18 05:20:00,2
2018-06-18 05:30:00,0
2018-06-18 05:35:00,0
2018-06-18 05:40:00,0
2018-06-18 05:45:00,0
2018-06-18 05:50:00,0
2018-06-18 05:55:00,0
2018-06-18 06:00:00,0
2018-06-18 06:05:00,2
2018-06-18 06:10:00,2
2018-06-18 06:15:00,0
2018-06-18 10:55:00,3
2018-06-18 11:00:00,3
2018-06-18 11:05:00,3
2018-06-18 11:10:00,3
2018-06-18 12:15:00,3
2018-06-18 16:35:00,3
2018-06-18 20:25:00,3
2018-06-18 20:30:00,3
2018-06-18 21:15:00,3
2018-06-18 22:25:00,3
2018-06-18 23:00:00,3
2018-06-18 23:05:00,3
2018-06-19 08:20:00,3
2018-06-19 18:50:00,1
2018-06-19 18:55:00,1
2018-06-19 19:00:00,1
2018-06-19 19:05:00,2
2018-06-19 20:00:00,2
2018-06-19 20:45:00,2
2018-06-19 20:50:00,2
2018-06-19 21:00:00,2
2018-06-19 21:05:00,2
2018-06-19 21:10:00,2
2018-06-19 22:15:00,2
2018-06-19 22:20:00,1
2018-06-19 23:10:00,1
2018-06-19 23:20:00,0
2018-06-19 23:25:00,0
2018-06-19 23:45:00,2
2018-06-19 23:55:00,1
2018-06-21 17:45:00,0
2018-06-21 17:50:00,0
2018-06-21 17:55:00,0
2018-06-21 18:05:00,2
2018-06-21 19:35:00,2
2018-06-21 20:00:00,2
2018-06-21 20:05:00,2
2018-06-21 20:10:00,2
2018-06-21 20:45:00,2
2018-06-21 20:50:00,2
2018-06-21 20:55:00,2
2018-06-22 14:20:00,2
2018-06-22 14:25:00,2
2018-06-22 14:35:00,2
2018-06-22 14:40:00,2
2018-06-22 14:45:00,2
2018-06-22 14:50:00,2
2018-06-22 14:55:00,2
2018-06-22 15:00:00,2
2018-06-22 15:05:00,2
2018-06-22 15:10:00,2
2018-06-22 15:15:00,2
2018-06-22 15:20:00,2
2018-06-22 15:45:00,3
2018-06-22 16:05:00,2
2018-06-22 16:10:00,2
2018-06-22 18:30:00,3
2018-06-22 18:35:00,3
2018-06-22 22:05:00,3
2018-06-22 22:25:00,3
2018-06-23 01:05:00,3
2018-06-23 01:10:00,3
2018-06-23 01:15:00,3
2018-06-23 03:40:00,3
2018-06-23 03:45:00,3
2018-06-23 03:50:00,3
2018-06-23 03:55:00,3
2018-06-23 04:55:00,2
2018-06-23 10:25:00,3
2018-06-23 14:35:00,3
2018-06-23 18:00:00,3
2018-06-23 19:15:00,3
2018-06-23 21:25:00,3
2018-06-23 22:20:00,3
2018-06-23 22:25:00,3
2018-06-24 00:15:00,3
2018-06-24 00:25:00,3
2018-06-24 04:30:00,3
2018-06-24 04:35:00,3
2018-06-24 04:50:00,3
2018-06-24 13:00:00,3
2018-06-24 20:25:00,3
2018-06-24 20:45:00,3
2018-06-24 20:50:00,3
2018-06-24 21:05:00,3
2018-06-24 21:10:00,3
2018-06-24 21:20:00,3
2018-06-24 21:25:00,3
2018-06-24 21:30:00,3
2018-06-24 21:35:00,3
2018-06-24 22:25:00,3
2018-06-24 22:55:00,3
2018-06-24 23:00:00,3
2018-06-24 23:25:00,2
2018-06-25 01:00:00,3
2018-06-25 01:05:00,3
2018-06-25 05:25:00,3
2018-06-25 08:05:00,3
2018-06-25 12:00:00,3
2018-06-25 12:25:00,3
2018-06-25 12:30:00,3
2018-06-25 12:55:00,3
2018-06-25 17:50:00,3
2018-06-25 22:15:00,3
2018-06-25 22:35:00,3
2018-06-26 00:40:00,3
2018-06-26 08:50:00,3
2018-06-26 11:55:00,3
2018-06-27 14:05:00,0
2018-06-27 14:10:00,0
2018-06-27 16:05:00,1
2018-06-27 16:10:00,1
2018-06-27 16:15:00,1
2018-06-27 16:20:00,1
2018-06-27 16:25:00,1
2018-06-27 16:30:00,2
2018-06-27 16:35:00,2
2018-06-27 17:00:00,2
2018-06-27 17:05:00,2
2018-06-28 06:55:00,1
2018-06-28 07:00:00,1
2018-06-28 07:05:00,1
2018-06-28 10:35:00,1
2018-06-28 11:10:00,1
2018-06-28 11:15:00,1
2018-06-28 11:20:00,2
2018-06-28 12:05:00,2
2018-06-28 12:10:00,2
2018-06-28 12:15:00,2
2018-06-28 18:25:00,3
2018-06-28 19:35:00,3
2018-06-28 19:55:00,3
2018-06-28 21:10:00,3
2018-06-28 23:20:00,3
2018-06-29 01:05:00,3
2018-06-29 09:20:00,3
2018-06-29 19:15:00,3
2018-06-29 19:50:00,3
2018-06-29 19:55:00,3
2018-06-29 21:55:00,3
2018-06-30 00:10:00,3
2018-06-30 06:45:00,3
2018-06-30 06:50:00,3
2018-06-30 19:20:00,3
2018-06-30 20:35:00,3
2018-06-30 21:40:00,3
2018-06-30 21:55:00,3
2018-06-30 22:20:00,3
2018-07-01 01:35:00,3
2018-07-02 09:20:00,3
2018-07-02 09:45:00,3
2018-07-02 09:50:00,3
2018-07-02 14:10:00,3
2018-07-02 14:45:00,3
2018-07-02 15:50:00,3
2018-07-02 15:55:00,3
2018-07-02 16:55:00,3
2018-07-02 17:25:00,1
2018-07-02 17:30:00,2
2018-07-02 23:45:00,1
2018-07-03 00:10:00,1
2018-07-03 00:15:00,1
2018-07-03 00:20:00,0
2018-07-03 00:25:00,0
2018-07-03 00:30:00,0
2018-07-03 00:35:00,0
2018-07-03 00:40:00,0
2018-07-03 00:45:00,0
2018-07-03 00:50:00,0
2018-07-03 00:55:00,0
2018-07-03 01:00:00,0
2018-07-03 01:05:00,0
2018-07-03 01:10:00,0
2018-07-03 01:15:00,0
2018-07-03 01:20:00,0
2018-07-03 01:25:00,0
2018-07-03 01:35:00,0
2018-07-03 01:40:00,0
2018-07-03 12:00:00,3
2018-07-03 23:30:00,3
2018-07-03 23:35:00,3
2018-07-04 03:40:00,3
2018-07-04 20:05:00,0
2018-07-10 12:50:00,1
2018-07-10 13:25:00,1
2018-07-10 13:30:00,1
2018-07-10 13:40:00,1
2018-07-10 13:45:00,2
2018-07-10 14:00:00,2
2018-07-10 14:10:00,2
2018-07-10 14:15:00,2
2018-07-10 14:20:00,2
2018-07-10 14:25:00,2
2018-07-10 14:30:00,2
2018-07-10 15:25:00,2
2018-07-10 15:35:00,2
2018-07-10 15:40:00,2
2018-07-10 15:45:00,2
2018-07-11 10:30:00,3
2018-07-11 16:05:00,3
2018-07-11 18:55:00,3
2018-07-13 02:05:00,3
2018-07-13 19:55:00,0
2018-07-13 21:15:00,1
2018-07-13 21:20:00,1
2018-07-13 21:40:00,0
2018-07-13 21:45:00,0
2018-07-13 21:55:00,0
2018-07-13 22:00:00,0
2018-07-13 22:05:00,0
2018-07-13 22:10:00,0
2018-07-13 22:15:00,0
2018-07-13 22:20:00,0
2018-07-13 22:25:00,0
2018-07-13 22:30:00,0
2018-07-13 22:35:00,2
2018-07-13 22:40:00,1
2018-07-13 22:45:00,1
2018-07-13 22:50:00,2
2018-07-13 22:55:00,2
2018-07-13 23:15:00,2
2018-07-13 23:25:00,2
2018-07-13 23:30:00,2
2018-07-13 23:35:00,2
2018-07-14 01:10:00,2
2018-07-14 01:15:00,2
2018-07-14 01:35:00,0
2018-07-14 01:40:00,0
2018-07-14 10:30:00,2
2018-07-15 00:20:00,3
2018-07-15 01:00:00,3
2018-07-15 05:35:00,0
2018-07-15 05:40:00,0
2018-07-15 05:45:00,0
2018-07-15 05:50:00,0
2018-07-15 05:55:00,0
2018-07-15 06:00:00,0
2018-07-15 06:25:00,2
2018-07-15 23:50:00,2
2018-07-16 00:15:00,2
2018-07-16 09:25:00,1
2018-07-16 12:45:00,3
2018-07-17 10:20:00,3
2018-07-19 06:50:00,2
2018-07-19 07:05:00,0
2018-07-19 08:00:00,0
2018-07-19 08:15:00,1
2018-07-24 21:45:00,2
2018-07-25 11:30:00,3
2018-07-25 16:15:00,3
2018-07-25 20:50:00,3
2018-07-28 22:10:00,3
2018-07-29 22:00:00,1
2018-07-29 22:35:00,0
2018-07-29 22:40:00,0
2018-07-29 22:45:00,0
2018-07-29 22:50:00,1
2018-07-29 23:15:00,2
2018-07-30 02:50:00,1
2018-07-30 02:55:00,1
2018-07-30 03:00:00,1
2018-07-30 03:05:00,0
2018-07-30 03:10:00,0
2018-07-30 03:45:00,2
2018-07-31 11:20:00,2
2018-07-31 21:05:00,3
2018-08-01 00:00:00,3
2018-08-01 00:05:00,3
2018-08-01 00:15:00,1
2018-08-01 00:20:00,0
2018-08-01 00:25:00,0
2018-08-01 00:55:00,2
2018-08-01 01:00:00,2
2018-08-02 04:45:00,3
2018-08-02 04:55:00,3
2018-08-02 08:05:00,3
2018-08-02 15:35:00,3
2018-08-03 21:50:00,3
2018-08-04 04:45:00,2
2018-08-04 11:00:00,3
2018-08-05 00:05:00,3
2018-08-05 03:15:00,3
2018-08-05 03:55:00,3
2018-08-05 04:10:00,3
2018-08-05 04:15:00,3
2018-08-05 04:20:00,3
2018-08-05 04:40:00,3
2018-08-05 05:15:00,3
2018-08-05 05:30:00,3
2018-08-05 05:50:00,3
2018-08-05 06:05:00,3
2018-08-05 06:10:00,3
2018-08-05 06:15:00,3
2018-08-05 06:20:00,3
2018-08-05 06:25:00,3
2018-08-05 06:30:00,3
2018-08-05 06:35:00,3
2018-08-05 07:40:00,3
2018-08-05 08:10:00,3
2018-08-05 08:15:00,3
2018-08-05 09:35:00,3
2018-08-05 10:15:00,3
2018-08-06 17:00:00,1
2018-08-06 17:05:00,0
2018-08-06 17:10:00,0
2018-08-06 17:20:00,2
2018-08-07 01:15:00,1
2018-08-12 15:30:00,0
2018-08-12 15:35:00,1
2018-08-12 16:15:00,1
2018-08-12 16:20:00,1
2018-08-12 16:25:00,0
2018-08-12 16:30:00,0
2018-08-12 16:35:00,1
2018-08-12 16:40:00,0
2018-08-12 16:45:00,0
2018-08-12 16:50:00,0
2018-08-12 16:55:00,2
2018-08-12 17:00:00,2
2018-08-13 22:55:00,3
2018-08-14 06:50:00,3
2018-08-14 11:30:00,3
2018-08-14 11:40:00,3
2018-08-14 11:45:00,3
2018-08-14 11:50:00,3
2018-08-14 12:05:00,3
2018-08-14 12:10:00,2
2018-08-14 12:15:00,3
2018-08-15 07:35:00,3
2018-08-16 04:05:00,2
2018-08-16 04:15:00,3
2018-08-16 04:20:00,2
2018-08-16 04:25:00,3
2018-08-16 04:30:00,3
2018-08-16 04:35:00,3
2018-08-16 04:40:00,3
2018-08-16 04:45:00,3
2018-08-16 04:50:00,3
2018-08-16 05:05:00,3
2018-08-16 06:20:00,3
2018-08-16 06:35:00,3
2018-08-16 06:40:00,3
2018-08-16 06:45:00,3
2018-08-17 05:00:00,2
2018-08-17 11:30:00,3
2018-08-19 14:50:00,3
2018-08-20 17:30:00,2
2018-08-21 05:50:00,2
2018-08-21 06:50:00,2
2018-08-21 07:00:00,2
2018-08-21 07:05:00,2
2018-08-21 07:30:00,2
2018-08-21 07:45:00,2
2018-08-21 08:00:00,3
2018-08-21 12:10:00,1
2018-08-21 12:35:00,0
2018-08-21 12:40:00,2
2018-08-21 12:45:00,1
2018-08-21 12:50:00,1
2018-08-21 12:55:00,2
2018-08-21 14:05:00,3
2018-08-21 14:10:00,3
2018-08-21 14:15:00,2
2018-08-22 18:10:00,2
2018-08-22 19:00:00,0
2018-08-22 19:20:00,2
2018-08-23 01:25:00,3
2018-08-23 02:05:00,3
2018-08-23 02:10:00,3
2018-08-23 02:15:00,3
2018-08-23 09:50:00,3
2018-08-23 12:30:00,3
2018-08-23 12:55:00,2
2018-08-23 13:10:00,2
2018-08-23 13:20:00,2
2018-08-23 13:30:00,3
2018-08-23 13:40:00,3
2018-08-23 13:45:00,3
2018-08-23 13:55:00,2
2018-08-23 14:10:00,2
2018-08-23 14:30:00,2
2018-08-23 14:35:00,3
2018-08-23 14:45:00,2
2018-08-23 15:00:00,2
2018-08-23 15:30:00,3
2018-08-23 15:40:00,3
2018-08-23 15:45:00,3
2018-08-23 17:00:00,3
2018-08-23 18:10:00,3
2018-08-24 22:35:00,1
2018-08-24 22:40:00,1
2018-08-24 22:45:00,2
2018-08-24 22:50:00,2
2018-08-24 22:55:00,2
2018-08-24 23:00:00,2
2018-08-25 05:00:00,3
2018-08-25 14:35:00,3
2018-08-25 22:25:00,3
2018-08-26 14:15:00,3
2018-08-26 16:55:00,3
2018-08-26 18:05:00,3
2018-08-27 01:15:00,3
2018-08-28 03:40:00,3
2018-08-28 05:45:00,3
2018-08-28 07:30:00,3
2018-08-28 10:45:00,3
2018-08-28 10:50:00,3
2018-08-28 10:55:00,3
2018-08-28 11:00:00,3
2018-08-28 11:05:00,3
2018-08-28 11:40:00,3
2018-08-28 19:45:00,3
2018-08-28 22:05:00,2
2018-08-29 01:05:00,1
2018-09-02 23:15:00,1
2018-09-02 23:20:00,0
2018-09-02 23:25:00,0
2018-09-03 00:00:00,0
2018-09-03 00:20:00,0
2018-09-03 00:25:00,0
2018-09-03 00:30:00,0
2018-09-03 00:35:00,0
2018-09-03 00:40:00,0
2018-09-03 00:45:00,0
2018-09-03 00:50:00,1
2018-09-03 01:00:00,1
2018-09-03 01:05:00,1
2018-09-03 01:10:00,1
2018-09-03 01:15:00,1
2018-09-03 01:20:00,1
2018-09-03 01:30:00,1
2018-09-03 01:50:00,0
2018-09-03 01:55:00,1
2018-09-03 02:00:00,1
2018-09-03 02:10:00,0
2018-09-03 02:20:00,2
2018-09-03 02:25:00,2
2018-09-03 02:30:00,2
2018-09-03 03:10:00,2
2018-09-03 07:20:00,2
2018-09-04 10:00:00,3
2018-09-04 10:05:00,3
2018-09-04 21:45:00,3
2018-09-06 15:05:00,2
2018-09-06 15:45:00,3
2018-09-06 16:00:00,2
2018-09-06 23:45:00,3
2018-09-06 23:50:00,3
2018-09-07 01:10:00,2
2018-09-11 18:20:00,3
2018-09-11 18:45:00,3
2018-09-13 21:35:00,3
2018-09-14 21:10:00,3
2018-09-15 03:45:00,3
2018-09-15 08:40:00,0
2018-09-17 16:55:00,1
2018-09-17 17:00:00,1
2018-09-17 17:05:00,1
2018-09-17 17:10:00,1
2018-09-17 17:15:00,1
2018-09-17 17:20:00,1
2018-09-17 17:25:00,2
2018-09-17 17:30:00,2
2018-09-17 17:40:00,0
2018-09-17 17:45:00,2
2018-09-17 17:50:00,0
2018-09-17 17:55:00,1
2018-09-17 18:00:00,1
2018-09-17 18:05:00,1
2018-09-17 18:10:00,2
2018-09-17 18:20:00,2
2018-09-17 18:35:00,1
2018-09-17 18:45:00,2
2018-09-17 18:50:00,2
2018-09-17 18:55:00,2
2018-09-17 19:00:00,1
2018-09-17 19:05:00,1
2018-09-17 19:10:00,2
2018-09-17 19:25:00,2
2018-09-17 19:30:00,2
2018-09-17 19:35:00,2
2018-09-19 06:30:00,2
2018-09-22 10:05:00,0
2018-09-22 10:10:00,0
2018-09-22 10:15:00,0
2018-09-25 13:25:00,2
2018-09-25 13:35:00,2
2018-09-25 13:40:00,2
2018-09-25 13:45:00,2
2018-09-25 13:50:00,2
2018-09-25 13:55:00,2
2018-09-25 14:00:00,2
2018-09-25 14:05:00,2
2018-09-25 14:10:00,1
2018-09-25 14:15:00,1
2018-09-25 14:20:00,1
2018-09-25 14:25:00,1
2018-09-25 14:30:00,1
2018-09-25 14:35:00,1
2018-09-25 14:40:00,1
2018-09-25 14:45:00,1
2018-09-25 14:50:00,1
2018-09-25 14:55:00,2
2018-09-25 15:05:00,1
2018-09-25 15:10:00,2
2018-09-25 15:15:00,1
2018-09-25 15:20:00,1
2018-10-18 10:45:00,1
2018-10-18 10:50:00,0
2018-10-18 11:05:00,1
2018-10-18 11:10:00,1
2018-10-18 11:40:00,0
2018-10-18 11:45:00,0
2018-10-18 11:50:00,0
2018-10-18 11:55:00,0
2018-10-18 12:00:00,0
2018-10-18 12:05:00,0
2018-10-18 12:10:00,0
2018-10-18 12:15:00,0
2018-10-18 12:20:00,0
2018-10-18 12:25:00,0
2018-10-18 12:30:00,0
2018-10-18 12:35:00,0
2018-10-18 12:40:00,0
2018-10-18 12:45:00,0
2018-10-18 12:50:00,0
2018-10-18 12:55:00,0
2018-10-18 13:00:00,0
2018-10-18 13:05:00,0
2018-10-18 13:10:00,0
2018-10-18 13:15:00,1
2018-10-18 13:20:00,0
2018-10-18 13:25:00,0
2018-10-18 13:30:00,0
2018-10-18 13:35:00,0
2018-10-18 13:40:00,0
2018-10-18 13:45:00,0
2018-10-18 13:50:00,0
2018-10-18 13:55:00,0
2018-10-18 14:00:00,0
2018-10-18 14:05:00,0
2018-10-18 14:10:00,0
2018-10-18 14:15:00,0
2018-10-18 14:25:00,0
2018-10-18 14:30:00,0
2018-10-18 14:35:00,0
2018-10-18 14:40:00,0
2018-10-18 14:45:00,0
2018-10-18 14:50:00,0
2018-10-18 14:55:00,0
2018-10-18 15:00:00,0
2018-10-18 15:05:00,0
2018-10-18 15:10:00,0
2018-10-18 15:20:00,0
2018-10-18 15:25:00,0
2018-10-18 15:30:00,0
2018-10-18 15:35:00,0
2018-10-18 15:40:00,0
2018-10-18 15:45:00,0
2018-10-18 15:50:00,0
2018-10-18 15:55:00,0
2018-10-18 16:00:00,0
2018-10-18 16:05:00,0
2018-10-18 16:10:00,0
2018-10-18 16:15:00,0
2018-10-18 16:20:00,0
2018-10-18 16:25:00,0
2018-10-18 16:30:00,0
2018-10-18 16:35:00,0
2018-10-18 16:40:00,0
2018-10-18 16:45:00,0
2018-10-18 16:50:00,1
2018-10-18 16:55:00,0
2018-10-18 17:00:00,0
2018-10-18 17:05:00,0
2018-10-18 17:10:00,0
2018-10-18 17:15:00,0
2018-10-18 17:20:00,0
2018-10-18 17:25:00,0
2018-10-18 17:30:00,0
2018-10-18 17:35:00,0
2018-10-18 17:40:00,0
2018-10-18 17:45:00,0
2018-10-18 17:55:00,0
2018-10-18 18:00:00,0
2018-10-18 18:05:00,0
2018-10-18 18:10:00,0
2018-10-18 18:15:00,0
2018-10-18 18:20:00,0
2018-10-18 18:25:00,0
2018-10-18 18:30:00,0
2018-10-18 18:35:00,0
2018-10-18 18:40:00,0
2018-10-18 18:45:00,0
2018-10-18 18:50:00,0
2018-10-18 18:55:00,0
2018-10-18 19:00:00,0
2018-10-18 19:05:00,0
2018-10-18 19:10:00,0
2018-10-18 19:15:00,0
2018-10-18 19:20:00,0
2018-10-18 19:25:00,0
2018-10-18 19:50:00,1
2018-10-18 19:55:00,0
2018-10-18 20:05:00,0
2018-10-18 20:10:00,0
2018-10-18 20:15:00,0
2018-10-18 20:55:00,2
2018-10-18 21:15:00,2
2018-10-18 21:35:00,2
2018-10-18 22:15:00,2
2018-10-18 22:35:00,2
2018-10-18 22:45:00,2
2018-10-18 22:50:00,2
2018-10-18 22:55:00,2
2018-10-18 23:00:00,2
2018-10-18 23:25:00,2
2018-10-18 23:40:00,2
2018-10-19 00:15:00,2
2018-10-19 00:20:00,2
2018-10-19 00:40:00,2
2018-10-19 00:55:00,2
2018-10-19 01:10:00,2
2018-10-19 04:00:00,2
2018-10-19 04:30:00,2
2018-10-22 19:15:00,1
2018-10-22 19:25:00,1
2018-10-22 19:30:00,2
2018-10-22 19:45:00,2
2018-10-22 19:50:00,2
2018-10-23 10:15:00,1
2018-10-23 15:30:00,1
2018-10-23 15:35:00,1
2018-10-23 15:40:00,1
2018-10-23 15:45:00,1
2018-10-23 16:15:00,1
2018-10-23 16:20:00,2
2018-10-23 16:25:00,2
2018-10-23 16:30:00,2
2018-10-23 16:35:00,2
2018-10-23 16:55:00,0
2018-10-23 17:05:00,0
2018-10-23 17:10:00,0
2018-10-23 17:30:00,2
2018-10-25 17:00:00,1
2018-10-25 17:30:00,1
2018-10-25 17:35:00,1
2018-10-25 17:40:00,1
2018-10-25 17:45:00,1
2018-10-25 17:50:00,1
2018-10-25 17:55:00,2
2018-10-25 18:00:00,2
2018-10-25 18:05:00,2
2018-10-26 10:40:00,1
2018-10-26 16:35:00,1
2018-10-26 16:45:00,1
2018-10-26 16:50:00,1
2018-10-27 10:55:00,3
2018-10-27 22:35:00,2
2018-10-27 22:40:00,2
2018-10-27 22:50:00,2
2018-10-27 23:25:00,2
2018-10-28 00:05:00,2
2018-11-03 23:35:00,3
2018-11-03 23:40:00,0
2018-11-03 23:50:00,0
2018-11-03 23:55:00,0
2018-11-04 00:00:00,0
2018-11-04 00:05:00,0
2018-11-05 11:20:00,1
2018-11-05 11:25:00,1
2018-11-05 11:30:00,1
2018-11-05 11:35:00,1
2018-11-05 11:40:00,1
2018-11-05 11:45:00,1
2018-11-05 11:50:00,1
2018-11-05 11:55:00,1
2018-11-05 12:00:00,1
2018-11-05 12:05:00,1
2018-11-05 12:10:00,2
2018-11-05 12:15:00,2
2018-11-05 12:20:00,2
2018-11-05 12:25:00,2
2018-11-05 12:30:00,1
2018-11-05 12:35:00,1
2018-11-05 12:40:00,1
2018-11-05 12:45:00,2
2018-11-05 12:50:00,2
2018-11-05 12:55:00,2
2018-11-05 13:00:00,2
2018-11-05 13:05:00,2
2018-11-05 13:10:00,2
2018-11-05 13:15:00,2
2018-11-05 13:20:00,2
2018-11-05 13:25:00,2
2018-11-05 13:30:00,2
2018-11-05 13:35:00,2
2018-11-05 13:40:00,2
2018-11-05 13:45:00,2
2018-11-05 13:55:00,2
2018-11-05 14:00:00,1
2018-11-05 14:05:00,1
2018-11-05 14:10:00,1
2018-11-05 14:15:00,1
2018-11-05 14:20:00,2
2018-11-05 14:25:00,2
2018-11-05 14:45:00,2
2018-11-06 06:10:00,1
2018-11-06 06:15:00,1
2018-11-06 06:20:00,0
2018-11-06 06:25:00,2
2018-11-06 06:45:00,2
2018-11-08 13:25:00,2
2018-11-08 23:45:00,3
2018-11-09 04:55:00,3
2018-11-13 14:50:00,1
2018-11-13 15:00:00,1
2018-11-13 17:45:00,1
2018-11-13 17:50:00,2
2018-11-13 18:05:00,2
2018-11-17 09:55:00,3
2018-11-17 19:10:00,3
2018-11-17 19:15:00,3
2018-11-19 09:25:00,3
2018-11-20 15:20:00,2
2018-11-20 15:35:00,2
2018-11-20 15:45:00,2
2018-11-20 15:55:00,2
2018-11-20 16:00:00,2
2018-11-20 16:15:00,2
2018-11-20 16:25:00,2
2018-11-20 17:10:00,2
2018-11-20 17:15:00,2
2018-11-20 17:35:00,2
2018-11-20 17:45:00,2
2018-11-20 18:00:00,2
2018-11-20 18:05:00,2
2018-11-20 18:15:00,2
2018-11-20 18:25:00,2
2018-11-20 19:05:00,2
2018-11-20 19:10:00,2
2018-11-20 19:25:00,2
2018-11-20 19:40:00,2
2018-11-20 19:55:00,2
2018-11-20 20:00:00,2
2018-11-20 20:20:00,2
2018-11-20 20:25:00,2
2018-11-20 20:40:00,2
2018-11-20 20:45:00,2
2018-11-20 21:05:00,2
2018-11-20 21:20:00,2
2018-11-20 21:30:00,2
2018-11-20 21:40:00,2
2018-11-20 21:45:00,2
2018-11-20 22:00:00,2
2018-11-20 22:15:00,2
2018-11-24 13:40:00,3
2018-11-26 20:40:00,3
2018-11-30 06:55:00,1
2018-11-30 07:00:00,1
2018-11-30 07:05:00,1
2018-11-30 07:10:00,1
2018-11-30 07:15:00,1
2018-11-30 07:20:00,0
2018-11-30 07:25:00,1
2018-11-30 07:30:00,1
2018-11-30 07:35:00,1
2018-11-30 07:40:00,0
2018-11-30 07:45:00,1
2018-11-30 07:50:00,0
2018-11-30 07:55:00,0
2018-11-30 08:00:00,0
2018-11-30 08:05:00,1
2018-11-30 08:10:00,0
2018-11-30 08:15:00,0
2018-11-30 08:20:00,1
2018-11-30 08:25:00,1
2018-11-30 08:30:00,1
2018-11-30 08:35:00,2
2018-11-30 08:40:00,2
2018-11-30 08:45:00,0
2018-11-30 08:50:00,1
2018-11-30 08:55:00,2
2018-11-30 09:00:00,2
2018-11-30 09:15:00,2
2018-11-30 09:20:00,2
2018-11-30 09:25:00,2
2018-11-30 09:40:00,2
2018-12-05 22:45:00,1
2018-12-05 22:50:00,1
2018-12-07 06:10:00,1
2018-12-07 06:15:00,1
2018-12-07 06:20:00,1
2018-12-07 06:25:00,1
2018-12-07 06:30:00,1
2018-12-07 06:35:00,1
2018-12-07 06:40:00,1
2018-12-07 06:45:00,1
2018-12-07 06:50:00,1
2018-12-07 06:55:00,1
2018-12-07 07:00:00,1
2018-12-07 07:05:00,1
2018-12-07 07:10:00,1
2018-12-07 07:15:00,1
2018-12-07 07:20:00,1
2018-12-07 07:25:00,1
2018-12-07 07:30:00,1
2018-12-07 07:35:00,1
2018-12-07 07:40:00,2
2018-12-07 07:45:00,2
2018-12-09 04:50:00,2
2018-12-09 04:55:00,1
2018-12-09 05:10:00,2
2018-12-09 05:15:00,2
2018-12-09 13:25:00,1
2018-12-09 23:00:00,1
2018-12-09 23:05:00,1
2018-12-09 23:15:00,2
2018-12-10 19:40:00,1
2018-12-10 19:45:00,0
2018-12-10 19:50:00,2
2018-12-10 20:25:00,2
2018-12-13 15:05:00,2
2018-12-13 19:40:00,0
2018-12-13 20:05:00,1
2018-12-13 20:10:00,0
2018-12-13 20:15:00,1
2018-12-13 20:25:00,2
2018-12-13 20:35:00,2
2018-12-13 20:40:00,2
2018-12-13 20:45:00,2
2018-12-21 04:00:00,2
2018-12-21 04:05:00,0
2018-12-21 04:10:00,1
2018-12-21 04:35:00,2
2018-12-22 10:20:00,1
2018-12-22 11:35:00,1
2018-12-22 11:45:00,0
2018-12-22 11:50:00,0
2018-12-22 12:00:00,2
2018-12-22 12:05:00,2
2018-12-22 12:10:00,2
2018-12-22 12:15:00,2
2018-12-22 12:20:00,2
2018-12-27 08:55:00,3
2019-01-03 10:00:00,0
2019-01-03 10:05:00,0
2019-01-03 10:10:00,0
2019-01-03 10:15:00,1
2019-01-03 10:20:00,2
2019-01-03 10:30:00,2
2019-01-03 10:35:00,2
2019-01-03 10:50:00,2
2019-01-03 10:55:00,2
2019-01-03 11:10:00,2
2019-01-03 11:15:00,2
2019-01-03 11:30:00,2
2019-01-03 11:35:00,2
2019-01-08 11:30:00,0
2019-01-08 11:35:00,0
2019-01-08 11:45:00,1
2019-01-08 12:30:00,2
2019-01-12 03:45:00,1
2019-01-12 05:30:00,1
2019-01-12 05:35:00,1
2019-01-12 05:40:00,0
2019-01-12 05:45:00,0
2019-01-12 05:50:00,0
2019-01-12 05:55:00,1
2019-01-12 06:00:00,0
2019-01-12 06:05:00,0
2019-01-12 06:40:00,2
2019-01-18 11:25:00,0
2019-01-18 12:15:00,1
2019-01-18 12:20:00,1
2019-01-18 12:25:00,1
2019-01-18 12:30:00,2
2019-01-18 13:00:00,2
2019-01-18 13:05:00,2
2019-01-21 21:50:00,2
2019-01-23 11:40:00,1
2019-01-23 11:45:00,1
2019-01-23 11:50:00,2
2019-01-23 11:55:00,2
2019-01-23 12:00:00,2
2019-01-23 12:05:00,2
2019-02-01 03:30:00,1
2019-02-01 03:35:00,2
2019-02-01 04:00:00,2
2019-02-01 05:05:00,2
2019-02-01 05:10:00,1
2019-02-01 05:15:00,1
2019-02-01 05:20:00,1
2019-02-01 05:25:00,2
2019-02-01 05:30:00,2
2019-02-01 05:35:00,2
2019-02-01 05:40:00,2
2019-02-01 10:30:00,1
2019-02-01 11:55:00,0
2019-02-01 12:00:00,0
2019-02-01 12:05:00,0
2019-02-01 12:10:00,0
2019-02-01 12:15:00,0
2019-02-01 12:20:00,0
2019-02-01 12:25:00,0
2019-02-01 12:30:00,0
2019-02-01 12:35:00,0
2019-02-01 12:40:00,0
2019-02-01 12:45:00,0
2019-02-01 12:50:00,1
2019-02-01 13:00:00,1
2019-02-01 13:05:00,0
2019-02-01 13:10:00,0
2019-02-01 13:15:00,1
2019-02-04 17:40:00,1
2019-02-04 17:45:00,0
2019-02-04 17:50:00,1
2019-02-05 02:55:00,1
2019-02-05 03:00:00,0
2019-02-05 03:05:00,0
2019-02-07 23:50:00,2
2019-02-07 23:55:00,0
2019-02-08 00:00:00,0
2019-02-08 00:10:00,2
2019-02-08 00:20:00,2
2019-02-08 00:35:00,2
2019-02-11 09:30:00,3
2019-02-11 18:10:00,1
2019-02-11 18:30:00,1
2019-02-11 18:50:00,1
2019-02-11 18:55:00,1
2019-02-11 19:00:00,1
2019-02-11 19:05:00,1
2019-02-11 19:10:00,1
2019-02-11 19:15:00,1
2019-02-11 19:20:00,1
2019-02-11 19:25:00,1
2019-02-11 19:30:00,2
2019-02-11 19:35:00,2
2019-02-11 19:40:00,2
2019-02-11 19:50:00,2
2019-02-11 20:00:00,2
2019-02-11 20:05:00,2
2019-02-11 20:15:00,2
2019-02-12 08:35:00,1
2019-02-12 08:40:00,1
2019-02-12 08:45:00,1
2019-02-12 08:50:00,1
2019-02-17 05:45:00,2
2019-02-17 07:25:00,2
2019-02-17 08:05:00,2
2019-02-17 08:50:00,2
2019-02-17 10:05:00,1
2019-02-17 11:50:00,0
2019-02-17 11:55:00,0
2019-02-17 12:00:00,0
2019-02-17 16:15:00,2
2019-02-25 15:20:00,1
2019-02-25 15:25:00,1
2019-02-25 15:30:00,1
2019-02-25 16:00:00,1
2019-02-25 16:05:00,1
2019-02-25 16:35:00,1
2019-02-25 16:40:00,1
2019-02-25 16:45:00,1
2019-02-25 16:50:00,1
2019-02-25 16:55:00,1
2019-02-25 17:00:00,2
2019-03-08 21:25:00,3
2019-03-09 05:00:00,2
2019-03-09 05:10:00,2
2019-03-09 05:15:00,2
2019-03-09 05:20:00,2
2019-03-09 05:30:00,2
2019-03-09 05:35:00,2
2019-03-09 05:40:00,1
2019-03-09 05:45:00,1
2019-03-17 20:20:00,1
2019-03-17 20:25:00,1
2019-03-17 20:30:00,1
2019-03-17 20:35:00,1
2019-03-17 20:40:00,1
2019-03-17 20:45:00,1
2019-03-17 20:50:00,2
2019-03-17 20:55:00,1
2019-03-17 21:00:00,2
2019-03-17 21:05:00,2
2019-03-18 15:40:00,1
2019-03-18 15:45:00,1
2019-03-18 15:50:00,2
2019-03-18 15:55:00,2
2019-03-18 16:10:00,2
2019-03-18 16:15:00,2
2019-03-18 16:35:00,2
2019-03-18 17:00:00,2
2019-03-21 14:05:00,3
2019-03-21 14:45:00,3
2019-03-21 15:50:00,3
2019-03-21 15:55:00,3
2019-03-21 16:05:00,3
2019-03-21 17:20:00,3
2019-03-21 20:50:00,3
2019-03-21 22:10:00,3
2019-03-22 21:40:00,3
2019-03-22 22:15:00,3
2019-03-22 22:20:00,3
2019-03-23 02:35:00,2
2019-03-23 02:40:00,1
2019-03-23 02:45:00,1
2019-03-23 02:55:00,2
2019-03-23 03:25:00,2
2019-03-23 03:30:00,2
2019-03-23 03:40:00,2
2019-03-24 06:05:00,3
2019-03-25 10:05:00,3
2019-03-25 14:40:00,3
2019-03-26 00:15:00,3
2019-03-26 16:15:00,3
2019-03-26 20:20:00,3
2019-03-26 21:45:00,3
2019-03-26 22:00:00,3
2019-03-26 22:50:00,3
2019-03-26 23:40:00,3
2019-03-27 10:10:00,3
2019-03-27 16:40:00,3
2019-03-27 19:15:00,3
2019-03-27 20:20:00,3
2019-03-27 20:35:00,3
2019-03-27 21:45:00,3
2019-03-27 22:05:00,3
2019-03-27 22:15:00,3
2019-03-27 22:20:00,3
2019-03-27 22:25:00,3
2019-03-27 22:35:00,3
2019-03-27 22:40:00,3
2019-03-27 23:05:00,3
2019-03-27 23:10:00,3
2019-03-27 23:15:00,3
2019-03-27 23:20:00,3
2019-03-27 23:40:00,3
2019-03-27 23:50:00,3
2019-03-27 23:55:00,3
2019-03-28 00:15:00,3
2019-03-28 00:20:00,3
2019-03-28 00:35:00,3
2019-03-28 00:45:00,3
2019-03-28 01:15:00,3
2019-03-28 01:20:00,3
2019-03-28 01:25:00,3
2019-03-28 01:30:00,3
2019-03-28 01:50:00,3
2019-03-28 04:40:00,3
2019-03-28 05:25:00,3
2019-03-28 05:30:00,3
2019-03-28 05:35:00,3
2019-03-28 05:55:00,3
2019-03-28 06:00:00,3
2019-03-28 06:05:00,3
2019-03-28 06:10:00,3
2019-03-28 06:15:00,3
2019-03-28 06:20:00,3
2019-03-28 07:40:00,3
2019-03-28 08:05:00,3
2019-03-28 08:10:00,3
2019-03-28 08:15:00,3
2019-03-28 08:25:00,3
2019-03-28 08:30:00,3
2019-03-28 08:35:00,3
2019-03-28 08:40:00,3
2019-03-28 08:45:00,3
2019-03-28 08:50:00,3
2019-03-28 08:55:00,3
2019-03-28 09:00:00,3
2019-03-28 11:50:00,3
2019-03-28 11:55:00,3
2019-03-28 12:15:00,3
2019-03-28 12:20:00,3
2019-03-28 13:35:00,3
2019-03-28 13:40:00,3
2019-03-28 14:50:00,3
2019-03-28 18:05:00,3
2019-03-28 18:10:00,3
2019-03-31 10:35:00,3
2019-03-31 11:25:00,3
2019-03-31 11:30:00,3
2019-03-31 15:50:00,3
2019-03-31 15:55:00,3
2019-03-31 16:00:00,3
2019-03-31 16:05:00,3
2019-04-01 01:35:00,3
2019-04-01 05:30:00,2
2019-04-01 06:05:00,2
2019-04-01 16:05:00,3
2019-04-01 16:10:00,3
2019-04-01 21:15:00,2
2019-04-04 14:50:00,1
2019-04-04 15:05:00,2
2019-04-04 15:10:00,2
2019-04-04 15:15:00,2
2019-04-04 15:25:00,0
2019-04-06 09:35:00,3
2019-04-07 16:35:00,1
2019-04-07 16:40:00,1
2019-04-07 16:45:00,1
2019-04-10 19:15:00,3
2019-04-11 05:35:00,3
2019-04-11 07:50:00,3
2019-04-11 08:15:00,3
2019-04-11 08:45:00,3
2019-04-11 09:35:00,3
2019-04-14 05:25:00,2
2019-04-14 16:00:00,2
2019-04-14 16:05:00,2
2019-04-14 17:40:00,2
2019-04-14 17:45:00,2
2019-04-14 17:50:00,2
2019-04-14 18:25:00,2
2019-04-14 18:30:00,2
2019-04-14 18:40:00,1
2019-04-14 18:45:00,2
2019-04-16 04:50:00,1
2019-04-16 04:55:00,1
2019-04-16 05:00:00,1
2019-04-16 05:05:00,1
2019-04-16 05:10:00,1
2019-04-16 05:35:00,2
2019-04-16 05:50:00,2
2019-04-16 06:00:00,2
2019-04-16 06:15:00,2
2019-04-16 06:30:00,2
2019-04-16 06:50:00,2
2019-04-16 06:55:00,2
2019-04-16 07:00:00,2
2019-04-16 07:05:00,2
2019-04-16 07:10:00,2
2019-04-16 07:15:00,2
2019-04-16 07:20:00,2
2019-04-16 07:25:00,2
2019-04-16 07:30:00,2
2019-04-16 07:40:00,2
2019-04-16 07:45:00,2
2019-04-16 08:00:00,2
2019-04-16 08:05:00,2
2019-04-16 08:10:00,2
2019-04-16 08:15:00,2
2019-04-16 08:25:00,2
2019-04-16 08:30:00,2
2019-04-16 08:35:00,2
2019-04-16 08:40:00,2
2019-04-16 08:45:00,2
2019-04-16 08:50:00,2
2019-04-16 08:55:00,2
2019-04-16 09:00:00,2
2019-04-16 09:05:00,2
2019-04-16 09:10:00,2
2019-04-16 09:15:00,2
2019-04-16 09:20:00,2
2019-04-16 09:25:00,2
2019-04-16 09:30:00,2
2019-04-16 09:35:00,2
2019-04-16 09:40:00,2
2019-04-16 10:00:00,2
2019-04-16 10:05:00,2
2019-04-16 10:10:00,2
2019-04-16 10:15:00,2
2019-04-16 10:20:00,2
2019-04-16 10:30:00,2
2019-04-16 10:35:00,2
2019-04-16 14:00:00,2
2019-04-16 14:05:00,2
2019-04-16 14:10:00,2
2019-04-16 14:15:00,2
2019-04-16 14:20:00,2
2019-04-16 14:25:00,2
2019-04-16 14:30:00,2
2019-04-18 18:15:00,2
2019-04-18 21:40:00,2
2019-04-18 22:00:00,2
2019-04-19 01:30:00,2
2019-04-19 03:50:00,2
2019-04-19 04:20:00,2
2019-04-19 04:45:00,2
2019-04-19 05:45:00,3
2019-04-19 05:50:00,3
2019-04-19 05:55:00,2
2019-04-19 06:00:00,2
2019-04-19 06:40:00,3
2019-04-19 06:45:00,3
2019-04-19 08:25:00,2
2019-04-19 11:20:00,2
2019-04-21 07:30:00,1
2019-04-21 07:35:00,1
2019-04-21 08:00:00,1
2019-04-21 08:05:00,1
2019-04-21 08:10:00,2
2019-04-27 22:10:00,3
2019-04-27 22:15:00,3
2019-04-28 00:35:00,3
2019-04-28 07:20:00,2
2019-04-28 18:30:00,3
2019-04-29 00:25:00,2
2019-04-29 10:50:00,3
2019-04-29 11:15:00,1
2019-04-30 12:15:00,1
2019-04-30 12:20:00,2
2019-04-30 13:05:00,2
2019-05-02 02:00:00,3
2019-05-04 10:00:00,0
2019-05-04 10:15:00,1
2019-05-04 10:20:00,1
2019-05-04 10:25:00,1
2019-05-04 10:30:00,1
2019-05-04 10:35:00,2
2019-05-04 10:40:00,2
2019-05-04 10:45:00,2
2019-05-04 10:50:00,2
2019-05-05 00:50:00,2
2019-05-14 03:25:00,1
2019-05-14 03:30:00,1
2019-05-14 04:05:00,0
2019-05-14 04:10:00,0
2019-05-14 04:15:00,0
2019-05-14 04:25:00,2
2019-05-14 04:30:00,2
2019-05-14 04:35:00,2
2019-05-14 09:15:00,1
2019-05-14 09:20:00,1
2019-05-14 09:25:00,2
2019-05-14 09:30:00,0
2019-05-14 09:35:00,2
2019-05-14 09:40:00,2
2019-05-14 10:25:00,2
2019-05-14 10:30:00,2
2019-05-14 10:45:00,2
2019-05-14 10:50:00,2
2019-05-14 10:55:00,2
2019-05-14 11:00:00,2
2019-05-14 11:05:00,2
2019-05-14 11:10:00,2
2019-05-14 11:25:00,2
2019-05-15 14:15:00,2
2019-05-15 14:25:00,2
2019-05-15 14:30:00,2
2019-05-15 14:35:00,2
2019-05-15 14:40:00,2
2019-05-15 14:55:00,2
2019-05-15 15:00:00,2
2019-05-15 15:10:00,2
2019-05-15 15:15:00,2
2019-05-15 15:20:00,2
2019-05-15 15:25:00,2
2019-05-15 15:30:00,2
2019-05-15 15:40:00,2
2019-05-21 02:30:00,1
2019-05-21 02:35:00,2
2019-05-22 02:20:00,3
2019-05-22 02:45:00,3
2019-05-22 02:50:00,1
2019-06-03 01:15:00,2
2019-06-03 01:40:00,0
2019-06-22 03:05:00,1
2019-06-22 03:10:00,1
2019-06-22 03:15:00,1
2019-06-22 03:20:00,1
2019-06-22 03:25:00,1
2019-06-22 03:30:00,1
2019-06-22 03:50:00,0
2019-06-22 03:55:00,0
2019-06-22 04:05:00,0
2019-06-22 04:15:00,0
2019-06-22 04:20:00,0
2019-06-22 04:55:00,0
2019-06-22 05:20:00,0
2019-06-22 05:50:00,1
2019-06-22 06:00:00,1
2019-06-22 06:20:00,0
2019-06-22 06:25:00,0
2019-06-22 06:30:00,0
2019-06-22 06:35:00,0
2019-06-22 06:40:00,0
2019-06-22 06:45:00,0
2019-06-22 07:05:00,0
2019-06-22 07:10:00,0
2019-06-22 07:15:00,0
2019-06-22 07:20:00,0
2019-06-22 07:25:00,0
2019-06-22 07:30:00,0
2019-06-22 07:35:00,0
2019-06-22 07:40:00,0
2019-06-22 07:45:00,0
2019-06-22 07:50:00,0
2019-06-22 07:55:00,0
2019-06-22 08:00:00,0
2019-06-22 08:10:00,1
2019-06-22 08:15:00,0
2019-06-22 08:20:00,0
2019-06-22 08:25:00,0
2019-06-22 08:30:00,0
2019-06-22 08:35:00,0
2019-06-22 08:40:00,0
2019-06-22 08:45:00,0
2019-06-22 08:50:00,0
2019-06-22 08:55:00,0
2019-06-22 09:00:00,0
2019-06-22 09:05:00,0
2019-06-22 09:10:00,0
2019-06-22 09:15:00,0
2019-06-22 09:20:00,0
2019-06-22 09:25:00,0
2019-06-22 09:30:00,0
2019-06-22 09:35:00,0
2019-06-22 09:40:00,0
2019-06-22 09:45:00,0
2019-06-22 09:50:00,0
2019-06-22 09:55:00,0
2019-06-22 10:00:00,0
2019-06-22 10:05:00,0
2019-06-22 10:10:00,0
2019-06-22 10:15:00,0
2019-06-22 10:20:00,0
2019-06-22 10:25:00,0
2019-06-22 10:30:00,0
2019-06-22 10:35:00,0
2019-06-22 10:40:00,0
2019-06-22 10:45:00,0
2019-06-22 10:50:00,0
2019-06-22 10:55:00,0
2019-06-22 11:00:00,0
2019-06-22 11:05:00,0
2019-06-22 11:10:00,0
2019-06-22 11:15:00,0
2019-06-22 13:05:00,0
2019-06-22 13:55:00,0
2019-06-22 14:15:00,2
2019-06-22 15:50:00,1
2019-06-22 15:55:00,1
2019-06-27 00:15:00,3
2019-06-27 00:30:00,3
2019-07-01 03:05:00,1
2019-07-01 03:10:00,1
2019-07-01 03:15:00,1
2019-07-01 03:20:00,1
2019-07-01 03:25:00,2
2019-07-01 03:35:00,2
2019-07-01 03:45:00,2
2019-07-01 03:50:00,2
2019-07-01 20:05:00,2
2019-07-09 01:05:00,2
2019-07-09 01:20:00,2
2019-07-09 01:25:00,2
2019-07-09 01:35:00,2
2019-07-09 01:40:00,2
2019-07-10 00:15:00,3
2019-07-10 01:15:00,3
2019-07-10 01:20:00,3
2019-07-16 08:05:00,1
2019-07-16 08:40:00,1
2019-07-18 07:15:00,3
2019-07-18 23:25:00,1
2019-07-19 13:45:00,0
2019-07-19 13:50:00,0
2019-07-19 13:55:00,0
2019-07-19 16:05:00,0
2019-07-19 16:10:00,0
2019-07-19 16:15:00,0
2019-07-19 16:20:00,0
2019-07-19 16:25:00,0
2019-07-19 16:30:00,0
2019-07-19 16:35:00,1
2019-07-19 16:40:00,0
2019-07-19 16:45:00,0
2019-07-19 16:50:00,0
2019-07-19 16:55:00,0
2019-07-19 17:00:00,0
2019-07-19 17:05:00,1
2019-07-19 17:10:00,0
2019-07-19 17:15:00,0
2019-07-19 18:15:00,1
2019-07-19 18:20:00,2
2019-07-19 18:25:00,1
2019-07-19 18:30:00,2
2019-07-19 18:35:00,2
2019-07-19 18:40:00,2
2019-07-19 19:05:00,2
2019-07-19 19:10:00,2
2019-07-19 19:15:00,2
2019-07-19 19:20:00,2
2019-07-19 19:25:00,2
2019-07-19 19:30:00,2
2019-07-19 19:35:00,2
2019-07-19 19:45:00,1
2019-07-19 19:50:00,1
2019-07-19 19:55:00,1
2019-07-19 20:00:00,2
2019-07-19 20:05:00,1
2019-07-19 20:10:00,1
2019-07-19 20:15:00,1
2019-07-19 20:20:00,2
2019-07-19 20:25:00,1
2019-07-19 20:30:00,2
2019-07-19 20:45:00,2
2019-07-19 20:50:00,2
2019-07-26 10:30:00,2
2019-07-26 10:35:00,2
2019-07-31 01:25:00,3
2019-07-31 15:00:00,2
2019-07-31 16:10:00,2
2019-07-31 16:30:00,2
2019-07-31 16:35:00,2
2019-07-31 16:40:00,2
2019-08-03 03:00:00,1
2019-08-03 03:05:00,1
2019-08-03 03:20:00,1
2019-08-03 03:50:00,1
2019-08-03 04:10:00,1
2019-08-03 04:25:00,1
2019-08-03 04:30:00,1
2019-08-03 04:40:00,1
2019-08-03 04:45:00,1
2019-08-03 05:00:00,1
2019-08-03 05:05:00,1
2019-08-03 05:10:00,1
2019-08-03 05:15:00,1
2019-08-03 05:25:00,1
2019-08-03 05:30:00,1
2019-08-03 05:35:00,1
2019-08-03 05:40:00,1
2019-08-03 05:45:00,1
2019-08-03 05:50:00,1
2019-08-03 05:55:00,1
2019-08-03 06:00:00,1
2019-08-14 11:50:00,0
2019-08-14 12:15:00,2
2019-08-14 12:30:00,2
2019-08-14 12:35:00,1
2019-08-14 13:10:00,0
2019-08-14 13:15:00,0
2019-08-14 13:25:00,0
2019-08-14 13:45:00,2
2019-08-14 13:50:00,2
2019-08-14 14:20:00,2
2019-08-14 14:40:00,2
2019-08-14 14:45:00,2
2019-08-14 14:55:00,2
2019-08-14 15:00:00,2
2019-08-14 15:10:00,2
2019-08-14 15:20:00,2
2019-08-14 16:05:00,2
2019-08-14 17:55:00,2
2019-08-14 18:25:00,2
2019-08-16 10:45:00,2
2019-08-17 08:40:00,2
2019-08-17 08:45:00,1
2019-08-17 12:55:00,0
2019-08-17 13:00:00,0
2019-08-17 13:10:00,1
2019-08-17 13:15:00,1
2019-08-17 13:20:00,1
2019-08-17 13:25:00,1
2019-08-17 13:30:00,1
2019-08-17 13:35:00,2
2019-08-17 13:40:00,2
2019-08-17 13:45:00,1
2019-08-17 13:50:00,2
2019-08-17 13:55:00,2
2019-08-17 14:10:00,2
2019-08-17 14:15:00,2
2019-08-17 14:20:00,2
2019-08-17 14:25:00,2
2019-08-17 14:45:00,2
2019-08-17 14:50:00,2
2019-08-17 14:55:00,1
2019-08-17 15:00:00,2
2019-08-17 15:15:00,2
2019-08-17 15:20:00,2
2019-08-17 15:25:00,2
2019-08-17 15:30:00,2
2019-08-17 15:35:00,1
2019-08-17 15:40:00,2
2019-08-17 15:55:00,2
2019-08-17 16:00:00,2
2019-08-17 16:05:00,1
2019-08-19 17:20:00,3
2019-08-19 17:25:00,2
2019-08-23 21:10:00,3
2019-08-23 21:15:00,3
2019-08-30 07:05:00,3
2019-08-30 17:25:00,2
2019-08-30 17:30:00,2
2019-08-31 01:10:00,2
2019-08-31 04:40:00,3
2019-08-31 04:45:00,3
2019-08-31 04:50:00,3
2019-08-31 04:55:00,3
2019-08-31 05:00:00,3
2019-08-31 05:05:00,3
2019-08-31 05:10:00,3
2019-08-31 05:15:00,3
2019-08-31 05:20:00,3
2019-08-31 05:25:00,3
2019-08-31 05:35:00,3
2019-09-01 12:55:00,3
2019-09-01 13:15:00,3
2019-09-01 13:20:00,3
2019-09-01 13:25:00,3
2019-09-01 13:30:00,3
2019-09-01 13:35:00,2
2019-09-03 21:20:00,0
2019-09-03 21:25:00,0
2019-09-03 21:30:00,0
2019-09-03 22:00:00,1
2019-09-03 22:10:00,1
2019-09-03 22:15:00,0
2019-09-03 22:20:00,1
2019-09-03 22:25:00,1
2019-09-03 22:35:00,2
2019-09-03 22:40:00,2
2019-09-04 16:05:00,3
2019-09-14 07:25:00,0
2019-09-16 20:50:00,1
2019-09-16 20:55:00,1
2019-09-16 21:00:00,1
2019-09-16 21:05:00,1
2019-09-16 21:10:00,1
2019-09-16 21:15:00,1
2019-09-16 21:20:00,1
2019-09-16 21:25:00,1
2019-09-16 21:30:00,1
2019-09-16 21:35:00,1
2019-09-16 21:40:00,1
2019-09-16 21:45:00,1
2019-09-16 21:50:00,1
2019-09-16 21:55:00,1
2019-09-16 22:00:00,1
2019-09-16 22:05:00,1
2019-09-16 22:10:00,1
2019-09-16 22:15:00,1
2019-09-16 22:20:00,1
2019-09-16 22:25:00,1
2019-09-16 22:30:00,1
2019-09-16 22:35:00,1
2019-09-16 22:40:00,1
2019-09-16 22:45:00,1
2019-09-16 22:50:00,1
2019-09-16 22:55:00,1
2019-09-17 01:15:00,1
2019-09-17 01:20:00,1
2019-09-17 01:25:00,1
2019-09-17 01:30:00,1
2019-09-17 01:35:00,1
2019-09-17 01:40:00,1
2019-09-17 01:45:00,1
2019-09-17 01:50:00,1
2019-09-17 01:55:00,1
2019-09-17 02:00:00,1
2019-09-17 02:05:00,1
2019-09-17 02:10:00,1
2019-09-17 02:15:00,1
2019-09-17 02:20:00,1
2019-09-17 02:25:00,1
2019-09-17 02:30:00,1
2019-09-17 02:35:00,1
2019-09-17 02:40:00,1
2019-09-17 02:45:00,1
2019-09-17 02:50:00,1
2019-09-17 02:55:00,1
2019-09-17 03:00:00,1
2019-09-17 03:05:00,1
2019-09-17 03:10:00,1
2019-09-17 03:15:00,1
2019-09-17 03:20:00,1
2019-09-17 03:25:00,1
2019-09-17 03:30:00,1
2019-09-17 03:35:00,1
2019-09-17 03:40:00,1
2019-09-17 03:45:00,1
2019-09-17 03:50:00,1
2019-09-17 03:55:00,1
2019-09-17 04:00:00,1
2019-09-17 04:05:00,1
2019-09-17 04:10:00,1
2019-09-17 04:15:00,1
2019-09-17 04:20:00,1
2019-09-17 04:25:00,1
2019-09-17 04:30:00,1
2019-09-17 04:35:00,1
2019-09-17 04:40:00,1
2019-09-17 04:45:00,1
2019-09-17 04:50:00,1
2019-09-17 04:55:00,1
2019-09-17 05:00:00,1
2019-09-17 05:05:00,1
2019-09-17 05:10:00,1
2019-09-17 05:15:00,1
2019-09-17 05:20:00,1
2019-09-17 05:25:00,1
2019-09-17 05:30:00,1
2019-09-17 05:35:00,1
2019-09-17 05:40:00,1
2019-09-17 05:45:00,1
2019-09-17 05:50:00,1
2019-09-17 05:55:00,1
2019-09-17 06:00:00,1
2019-09-17 06:05:00,1
2019-09-17 06:10:00,1
2019-09-17 06:15:00,1
2019-09-17 06:20:00,1
2019-09-17 06:25:00,1
2019-09-17 06:30:00,1
2019-09-17 06:35:00,1
2019-09-17 06:40:00,1
2019-09-17 06:45:00,1
2019-09-17 06:50:00,1
2019-09-17 06:55:00,1
2019-09-17 07:00:00,1
2019-09-17 07:05:00,1
2019-09-17 07:10:00,1
2019-09-17 07:15:00,1
2019-09-17 07:20:00,1
2019-09-17 07:25:00,1
2019-09-17 07:30:00,1
2019-09-17 07:35:00,1
2019-09-17 07:40:00,1
2019-09-17 07:45:00,1
2019-09-17 07:50:00,1
2019-09-17 07:55:00,1
2019-09-17 08:00:00,1
2019-09-17 08:05:00,1
2019-09-17 08:10:00,1
2019-09-17 08:15:00,1
2019-10-24 06:30:00,1
2019-10-24 06:35:00,1
2019-10-26 09:05:00,1
2019-10-26 09:35:00,1
2019-10-26 09:40:00,1
2019-10-26 09:50:00,1
2019-10-26 09:55:00,1
2019-10-26 10:00:00,1
2019-10-26 10:05:00,1
2019-10-26 10:15:00,0
2019-10-26 10:30:00,0
2019-10-26 10:40:00,0
2019-10-26 10:45:00,0
2019-10-26 10:50:00,0
2019-10-26 11:00:00,1
2019-10-26 11:15:00,1
2019-10-26 11:35:00,2
2019-10-26 11:40:00,2
2019-10-26 11:45:00,2
2019-10-26 11:50:00,2
2019-10-26 12:50:00,1
2019-10-26 12:55:00,0
2019-10-26 13:00:00,0
2019-10-26 13:15:00,2
2019-10-26 13:20:00,2
2019-10-26 13:25:00,2
2019-10-26 14:40:00,0
2019-10-26 14:45:00,0
2019-10-26 14:50:00,0
2019-10-26 14:55:00,1
2019-10-27 06:25:00,1
2019-10-27 06:40:00,1
2019-10-27 06:45:00,1
2019-10-27 06:50:00,2
2019-10-27 06:55:00,1
2019-10-27 07:00:00,1
2019-10-27 07:05:00,1
2019-10-27 07:10:00,1
2019-10-27 07:15:00,1
2019-10-27 07:20:00,1
2019-10-27 07:25:00,2
2019-10-27 07:45:00,0
2019-10-27 07:50:00,0
2019-10-27 08:00:00,0
2019-10-27 08:05:00,0
2019-10-27 08:10:00,0
2019-10-27 08:25:00,0
2019-10-27 08:30:00,1
2019-10-27 08:35:00,1
2019-10-27 08:40:00,1
2019-10-27 17:20:00,0
2019-10-27 17:25:00,1
2019-10-27 17:30:00,1
2019-10-27 17:35:00,1
2019-10-27 18:10:00,2
2019-10-29 11:25:00,2
2019-10-29 11:50:00,1
2019-10-29 12:00:00,1
2019-10-29 12:05:00,1
2019-10-29 12:10:00,1
2019-11-01 06:40:00,3
2019-11-03 15:35:00,3
2019-11-03 15:40:00,3
2019-11-03 17:20:00,3
2019-11-03 18:00:00,3
2019-11-03 18:05:00,3
2019-11-03 20:20:00,3
2019-11-03 20:35:00,3
2019-11-03 20:40:00,3
2019-11-03 20:55:00,3
2019-11-03 21:00:00,3
2019-11-04 01:25:00,3
2019-11-04 18:35:00,3
2019-11-04 18:45:00,3
2019-11-04 19:05:00,3
2019-11-04 19:15:00,3
2019-11-04 20:35:00,3
2019-11-05 00:25:00,3
2019-11-05 09:35:00,3
2019-11-05 20:30:00,3
2019-11-05 20:45:00,3
2019-11-05 20:50:00,3
2019-11-06 01:10:00,2
2019-11-06 01:25:00,2
2019-11-06 01:30:00,2
2019-11-06 01:40:00,3
2019-11-06 01:45:00,3
2019-11-06 01:55:00,2
2019-11-06 03:05:00,2
2019-11-06 03:10:00,2
2019-11-06 03:20:00,2
2019-11-06 03:25:00,2
2019-11-06 03:40:00,2
2019-11-06 03:45:00,2
2019-11-06 03:50:00,2
2019-11-06 04:00:00,2
2019-11-06 04:05:00,2
2019-11-06 04:20:00,2
2019-11-06 05:00:00,2
2019-11-06 05:05:00,2
2019-11-06 05:20:00,2
2019-11-06 05:55:00,3
2019-11-06 06:00:00,3
2019-11-06 06:10:00,2
2019-11-06 06:45:00,2
2019-11-06 06:55:00,2
2019-11-06 07:05:00,3
2019-11-06 07:10:00,2
2019-11-06 07:15:00,2
2019-11-06 07:20:00,2
2019-11-06 07:25:00,2
2019-11-06 07:35:00,3
2019-11-06 07:40:00,2
2019-11-06 07:55:00,3
2019-11-06 08:00:00,3
2019-11-06 08:10:00,3
2019-11-06 09:00:00,3
2019-11-06 09:05:00,3
2019-11-06 09:10:00,3
2019-11-06 09:15:00,2
2019-11-06 09:20:00,3
2019-11-06 09:25:00,3
2019-11-06 09:30:00,3
2019-11-06 09:35:00,3
2019-11-06 09:40:00,3
2019-11-06 09:45:00,3
2019-11-06 09:50:00,3
2019-11-06 09:55:00,3
2019-11-06 10:00:00,3
2019-11-06 10:05:00,3
2019-11-06 10:10:00,2
2019-11-06 10:15:00,3
2019-11-06 10:20:00,3
2019-11-06 10:25:00,2
2019-11-06 10:30:00,3
2019-11-06 10:35:00,3
2019-11-06 10:40:00,3
2019-11-06 10:45:00,2
2019-11-06 10:50:00,2
2019-11-06 10:55:00,2
2019-11-06 11:00:00,2
2019-11-06 11:05:00,2
2019-11-06 11:10:00,2
2019-11-06 11:15:00,2
2019-11-06 11:20:00,2
2019-11-06 11:40:00,2
2019-11-06 11:45:00,2
2019-11-06 11:50:00,2
2019-11-06 22:10:00,3
2019-11-07 02:10:00,3
2019-11-07 17:35:00,3
2019-11-07 17:40:00,3
2019-11-08 14:15:00,3
2019-11-08 14:20:00,3
2019-11-08 14:25:00,3
2019-11-08 14:30:00,2
2019-11-08 20:05:00,1
2019-11-08 20:10:00,1
2019-11-08 20:15:00,1
2019-11-09 13:30:00,3
2019-11-09 13:35:00,3
2019-11-11 15:30:00,3
2019-11-11 15:45:00,3
2019-11-11 16:00:00,3
2019-11-11 16:05:00,3
2019-11-11 16:10:00,3
2019-11-14 04:05:00,2
2019-11-14 22:05:00,3
2019-11-14 22:20:00,3
2019-11-14 22:25:00,3
2019-11-17 13:45:00,3
2019-11-17 15:25:00,3
2019-11-17 15:30:00,3
2019-11-18 19:35:00,3
2019-11-18 23:30:00,3
2019-11-19 00:20:00,3
2019-11-19 00:40:00,3
2019-11-19 17:05:00,3
2019-11-19 18:15:00,3
2019-11-20 17:10:00,1
2019-11-20 17:25:00,1
2019-11-20 17:30:00,1
2019-11-20 17:45:00,2
2019-11-21 14:40:00,3
2019-11-22 00:35:00,1
2019-11-22 00:40:00,0
2019-11-22 00:45:00,0
2019-11-28 13:35:00,1
2019-11-28 13:40:00,2
2019-11-28 13:50:00,2
2019-11-28 14:00:00,2
2019-11-29 11:40:00,1
2019-12-24 04:55:00,1
2019-12-24 23:25:00,0
2019-12-24 23:30:00,0
2019-12-24 23:35:00,0
2019-12-25 00:10:00,0
2019-12-25 00:15:00,0
2019-12-25 00:20:00,0
2019-12-25 00:25:00,0
2019-12-25 00:30:00,0
2019-12-25 00:35:00,0
2019-12-25 00:40:00,0
2019-12-25 00:45:00,0
2019-12-25 00:50:00,0
2019-12-25 00:55:00,0
2019-12-25 01:00:00,0
2019-12-25 01:10:00,2
2019-12-25 01:15:00,1
2019-12-25 01:25:00,2
2019-12-25 01:45:00,0
2019-12-25 01:50:00,2
2019-12-25 01:55:00,2
2019-12-25 02:00:00,2
2019-12-25 02:10:00,1
2019-12-25 02:15:00,2
2019-12-25 02:20:00,1
2019-12-25 02:25:00,2
2019-12-25 02:30:00,0
2019-12-25 02:35:00,0
2019-12-25 02:40:00,2
2019-12-25 02:45:00,1
2019-12-25 02:50:00,1
2019-12-25 02:55:00,1
2019-12-25 03:00:00,2
2019-12-25 03:05:00,1
2019-12-25 03:10:00,1
2019-12-25 03:15:00,2
2019-12-25 03:20:00,2
2019-12-25 03:25:00,2
2019-12-25 03:30:00,2
2019-12-25 03:35:00,0
2019-12-25 03:40:00,0
2019-12-25 04:00:00,2
2019-12-25 04:05:00,0
2019-12-25 04:10:00,0
2019-12-25 04:15:00,0
2019-12-25 04:20:00,0
2019-12-25 04:25:00,0
2019-12-25 04:30:00,0
2019-12-25 04:35:00,0
2019-12-25 04:40:00,0
2019-12-25 04:50:00,0
2019-12-25 05:00:00,0
2019-12-25 06:20:00,0
2019-12-25 07:35:00,0
2019-12-25 07:55:00,0
2019-12-25 09:10:00,0
2019-12-25 09:55:00,2
2020-01-04 09:35:00,3
2020-01-08 20:00:00,2
2020-01-27 10:20:00,3
2020-01-27 10:25:00,3
2020-01-27 10:30:00,3
2020-01-27 10:40:00,3
2020-01-27 11:35:00,3
2020-01-27 11:50:00,3
2020-01-27 12:15:00,3
2020-01-29 03:05:00,0
2020-01-29 03:10:00,0
2020-01-29 03:15:00,0
2020-01-29 03:20:00,0
2020-01-29 03:25:00,0
2020-01-29 03:30:00,0
2020-01-29 03:35:00,1
2020-02-14 09:25:00,3
2020-02-14 14:25:00,3
2020-02-14 14:35:00,3
2020-02-15 06:55:00,3
2020-02-15 15:20:00,3
2020-02-15 21:30:00,3
2020-02-15 22:20:00,3
2020-02-15 22:25:00,3
2020-02-15 22:35:00,3
2020-02-15 22:40:00,3
2020-02-15 22:45:00,3
2020-02-15 23:00:00,3
2020-02-15 23:05:00,3
2020-02-15 23:45:00,3
2020-02-16 00:25:00,3
2020-02-16 00:30:00,3
2020-02-16 00:45:00,3
2020-02-16 00:50:00,3
2020-02-16 00:55:00,3
2020-02-16 01:00:00,3
2020-02-16 01:05:00,3
2020-02-17 15:45:00,3
2020-02-17 17:40:00,3
2020-02-17 17:45:00,3
2020-02-17 17:50:00,3
2020-02-17 17:55:00,3
2020-02-17 18:00:00,3
2020-02-17 18:05:00,3
2020-02-17 18:10:00,3
2020-02-17 18:15:00,3
2020-02-17 18:20:00,3
2020-02-17 18:30:00,3
2020-02-17 18:35:00,3
2020-02-17 18:40:00,3
2020-02-17 18:45:00,3
2020-02-17 20:50:00,3
2020-02-17 21:00:00,3
2020-02-17 21:05:00,3
2020-02-18 01:00:00,3
2020-02-18 01:10:00,3
2020-02-18 01:15:00,3
2020-02-18 01:25:00,3
2020-02-18 01:30:00,3
2020-02-18 01:45:00,3
2020-02-18 01:50:00,3
2020-02-18 01:55:00,3
2020-02-18 02:05:00,3
2020-02-18 02:10:00,3
2020-02-18 02:15:00,3
2020-02-18 02:20:00,3
2020-02-18 02:30:00,3
2020-02-18 02:35:00,3
2020-02-18 02:40:00,3
2020-02-18 02:45:00,3
2020-02-18 02:50:00,3
2020-02-18 02:55:00,3
2020-02-18 03:00:00,3
2020-02-18 03:05:00,3
2020-02-18 03:10:00,3
2020-02-18 03:15:00,3
2020-02-18 03:25:00,3
2020-02-18 03:30:00,3
2020-02-18 03:55:00,3
2020-02-18 04:00:00,3
2020-02-18 04:30:00,3
2020-02-18 04:35:00,3
2020-02-18 04:40:00,3
2020-02-18 04:50:00,3
2020-02-18 04:55:00,3
2020-02-18 05:05:00,3
2020-02-18 05:15:00,3
2020-02-18 05:20:00,3
2020-02-18 06:15:00,3
2020-02-18 06:45:00,3
2020-02-18 06:55:00,3
2020-02-18 07:05:00,3
2020-02-18 07:15:00,3
2020-02-18 09:30:00,3
2020-02-18 15:40:00,3
2020-02-18 16:00:00,3
2020-02-18 16:05:00,3
2020-02-18 16:15:00,3
2020-02-18 16:25:00,3
2020-02-18 16:30:00,3
2020-02-18 16:35:00,3
2020-02-18 16:45:00,3
2020-02-18 16:50:00,3
2020-02-18 17:10:00,3
2020-02-18 17:20:00,3
2020-02-18 17:25:00,3
2020-02-18 17:30:00,3
2020-02-18 19:10:00,3
2020-02-18 19:15:00,3
2020-02-18 19:35:00,3
2020-02-18 20:00:00,3
2020-02-18 20:20:00,3
2020-02-18 20:30:00,3
2020-02-18 20:35:00,3
2020-02-18 20:40:00,3
2020-02-18 20:50:00,3
2020-02-18 20:55:00,3
2020-02-18 21:05:00,3
2020-02-18 21:10:00,3
2020-02-18 21:15:00,3
2020-02-18 21:45:00,3
2020-02-18 22:05:00,3
2020-02-18 22:10:00,3
2020-02-18 22:20:00,3
2020-02-18 22:25:00,3
2020-02-18 22:30:00,3
2020-02-18 22:50:00,3
2020-02-18 22:55:00,3
2020-02-18 23:05:00,3
2020-02-18 23:20:00,3
2020-02-18 23:25:00,3
2020-02-18 23:55:00,3
2020-02-19 00:00:00,3
2020-02-19 00:05:00,3
2020-02-19 00:10:00,3
2020-02-19 00:15:00,3
2020-02-19 00:20:00,3
2020-02-19 00:25:00,3
2020-02-19 00:30:00,3
2020-02-19 00:35:00,3
2020-02-19 00:55:00,3
2020-02-19 01:30:00,3
2020-02-19 03:50:00,3
2020-02-19 07:50:00,3
2020-02-19 13:20:00,3
2020-02-19 14:25:00,3
2020-02-20 17:00:00,3
2020-02-20 17:40:00,3
2020-02-20 17:45:00,3
2020-02-20 18:00:00,3
2020-02-20 18:05:00,3
2020-02-20 18:10:00,3
2020-02-20 18:15:00,3
2020-02-20 18:35:00,3
2020-02-20 19:40:00,3
2020-02-20 20:25:00,3
2020-02-21 03:05:00,3
2020-02-21 08:15:00,3
2020-02-22 05:05:00,2
2020-02-23 09:10:00,1
2020-02-23 09:15:00,1
2020-02-23 09:20:00,1
2020-02-23 09:25:00,1
2020-02-23 10:35:00,1
2020-02-23 10:40:00,2
2020-02-27 16:15:00,3
2020-03-02 17:20:00,3
2020-03-02 17:25:00,2
2020-03-02 17:30:00,0
2020-03-02 17:35:00,1
2020-03-02 17:40:00,1
2020-03-07 15:25:00,2
2020-03-07 15:30:00,2
2020-03-07 15:55:00,2
2020-03-07 16:10:00,2
2020-03-07 17:10:00,2
2020-03-07 17:25:00,2
2020-03-07 18:05:00,2
2020-03-07 18:10:00,2
2020-03-07 18:55:00,2
2020-03-07 19:15:00,2
2020-03-07 19:25:00,2
2020-03-07 19:55:00,2
2020-03-07 21:05:00,3
2020-03-08 00:00:00,2
2020-03-08 00:05:00,2
2020-03-08 00:10:00,2
2020-03-08 00:45:00,2
2020-03-08 04:10:00,2
2020-03-08 04:50:00,2
2020-03-08 05:05:00,2
2020-03-08 05:10:00,2
2020-03-08 06:25:00,2
2020-03-08 06:45:00,2
2020-03-08 07:45:00,3
2020-03-08 07:50:00,3
2020-03-11 17:05:00,3
2020-03-12 11:35:00,3
2020-03-12 11:40:00,3
2020-03-12 13:35:00,3
2020-03-12 14:25:00,3
2020-03-12 17:25:00,3
2020-03-12 17:50:00,3
2020-03-13 05:50:00,3
2020-03-22 16:05:00,3
2020-03-22 16:10:00,3
2020-03-22 16:25:00,3
2020-03-22 16:30:00,2
2020-03-22 16:35:00,2
2020-03-22 16:55:00,2
2020-03-22 17:00:00,3
2020-03-22 19:50:00,0
2020-03-22 19:55:00,0
2020-03-22 20:00:00,0
2020-03-22 20:05:00,0
2020-03-22 20:10:00,0
2020-03-22 20:15:00,0
2020-03-22 20:20:00,0
2020-03-22 20:25:00,0
2020-03-22 20:30:00,0
2020-03-22 20:35:00,0
2020-05-02 00:20:00,1
2020-05-02 00:25:00,1
2020-05-02 00:30:00,1
2020-05-02 00:35:00,1
2020-05-02 00:40:00,1
2020-05-02 00:45:00,1
2020-05-02 01:15:00,2
2020-05-02 01:20:00,2
2020-05-02 10:55:00,1
2020-05-02 13:40:00,2
2020-05-02 13:45:00,2
2020-05-04 14:45:00,1
2020-05-05 16:50:00,3
2020-05-12 18:20:00,2
2020-05-12 20:55:00,3
2020-05-15 12:45:00,3
2020-05-17 10:35:00,1
2020-05-17 21:00:00,1
2020-05-17 21:05:00,1
2020-05-17 21:10:00,2
2020-05-17 21:15:00,2
2020-05-17 21:25:00,2
2020-05-21 11:40:00,1
2020-05-26 11:10:00,2
2020-05-26 11:15:00,1
2020-05-26 11:20:00,1
2020-05-26 11:25:00,1
2020-05-26 16:55:00,3
2020-05-27 15:20:00,3
2020-05-28 01:35:00,2
2020-05-28 02:05:00,1
2020-05-28 02:15:00,1
2020-05-28 07:30:00,3
2020-05-30 15:10:00,3
2020-05-30 15:15:00,3
2020-05-31 21:05:00,3
2020-05-31 21:20:00,3
2020-06-18 21:20:00,3
2020-06-18 21:30:00,3
2020-06-27 22:20:00,2
2020-06-28 00:40:00,2
2020-06-28 01:10:00,2
2020-06-28 01:45:00,2
2020-06-28 03:00:00,2
2020-06-28 03:05:00,2
2020-06-28 03:10:00,2
2020-06-28 03:15:00,2
2020-06-28 03:20:00,2
2020-06-28 03:25:00,2
2020-06-28 03:40:00,2
2020-06-28 03:45:00,2
2020-06-28 04:30:00,2
2020-06-28 04:45:00,2
2020-06-30 15:15:00,3
2020-06-30 15:20:00,3
2020-07-07 12:40:00,3
2020-07-08 17:00:00,3
2020-07-09 11:35:00,3
2020-07-17 15:35:00,1
2020-07-17 15:40:00,1
2020-07-17 16:05:00,1
2020-07-17 16:10:00,1
2020-07-17 16:30:00,2
2020-07-17 16:35:00,1
2020-07-17 16:40:00,2
2020-07-17 16:50:00,2
2020-07-17 16:55:00,2
2020-07-17 17:00:00,2
2020-07-17 17:15:00,1
2020-07-18 12:10:00,3
2020-07-18 13:00:00,3
2020-07-18 13:05:00,1
2020-07-18 13:10:00,1
2020-07-19 04:50:00,2
2020-07-19 04:55:00,1
2020-07-19 05:00:00,1
2020-07-19 05:25:00,0
2020-07-19 05:30:00,1
2020-07-19 06:00:00,0
2020-07-19 06:05:00,0
2020-07-19 06:10:00,1
2020-07-19 07:10:00,0
2020-07-19 23:35:00,3
2020-07-20 15:00:00,3
2020-07-20 23:25:00,3
2020-07-21 00:10:00,3
2020-07-21 02:35:00,3
2020-07-21 04:00:00,3
2020-07-21 05:00:00,3
2020-07-21 05:25:00,3
2020-07-21 05:45:00,3
2020-07-21 16:35:00,3
2020-07-21 16:45:00,3
2020-07-21 16:50:00,3
2020-07-21 16:55:00,3
2020-07-21 17:00:00,3
2020-07-21 17:05:00,3
2020-07-21 17:10:00,3
2020-07-21 17:15:00,3
2020-07-21 17:20:00,3
2020-07-21 17:25:00,3
2020-07-21 17:35:00,3
2020-07-21 17:40:00,3
2020-07-21 17:45:00,3
2020-07-21 17:50:00,3
2020-07-21 17:55:00,3
2020-07-24 10:35:00,3
2020-07-26 06:40:00,1
2020-07-26 10:00:00,0
2020-07-26 12:00:00,1
2020-07-26 12:05:00,1
2020-07-27 18:00:00,1
2020-07-27 18:05:00,2
2020-07-28 09:40:00,2
2020-07-28 09:50:00,2
2020-07-30 12:10:00,1
2020-07-30 12:15:00,1
2020-07-30 12:20:00,1
2020-07-30 12:25:00,1
2020-07-30 12:30:00,1
2020-07-30 12:45:00,0
2020-07-30 12:55:00,0
2020-07-30 13:30:00,2
2020-08-01 08:20:00,2
